-- MySQL dump 10.14  Distrib 5.5.44-MariaDB, for Linux (x86_64)
--
-- Host: localhost    Database: acad
-- ------------------------------------------------------
-- Server version	5.5.44-MariaDB

/*!40101 SET @OLD_CHARACTER_SET_CLIENT=@@CHARACTER_SET_CLIENT */;
/*!40101 SET @OLD_CHARACTER_SET_RESULTS=@@CHARACTER_SET_RESULTS */;
/*!40101 SET @OLD_COLLATION_CONNECTION=@@COLLATION_CONNECTION */;
/*!40101 SET NAMES utf8 */;
/*!40103 SET @OLD_TIME_ZONE=@@TIME_ZONE */;
/*!40103 SET TIME_ZONE='+00:00' */;
/*!40014 SET @OLD_UNIQUE_CHECKS=@@UNIQUE_CHECKS, UNIQUE_CHECKS=0 */;
/*!40014 SET @OLD_FOREIGN_KEY_CHECKS=@@FOREIGN_KEY_CHECKS, FOREIGN_KEY_CHECKS=0 */;
/*!40101 SET @OLD_SQL_MODE=@@SQL_MODE, SQL_MODE='NO_AUTO_VALUE_ON_ZERO' */;
/*!40111 SET @OLD_SQL_NOTES=@@SQL_NOTES, SQL_NOTES=0 */;

--
-- Table structure for table `acad_attendance`
--

DROP TABLE IF EXISTS `acad_attendance`;
/*!40101 SET @saved_cs_client     = @@character_set_client */;
/*!40101 SET character_set_client = utf8 */;
CREATE TABLE `acad_attendance` (
  `id` int(11) NOT NULL AUTO_INCREMENT,
  `student_id` int(11) NOT NULL,
  `subject_id` int(11) NOT NULL,
  `date` date NOT NULL,
  `p_a` tinyint(1) NOT NULL,
  PRIMARY KEY (`id`),
  KEY `acad_attendance_student_id_72086611_fk_acad_student_id` (`student_id`),
  KEY `acad_attendance_subject_id_7f0b1002_fk_acad_subject_id` (`subject_id`),
  CONSTRAINT `acad_attendance_student_id_72086611_fk_acad_student_id` FOREIGN KEY (`student_id`) REFERENCES `acad_student` (`id`),
  CONSTRAINT `acad_attendance_subject_id_7f0b1002_fk_acad_subject_id` FOREIGN KEY (`subject_id`) REFERENCES `acad_subject` (`id`)
) ENGINE=InnoDB AUTO_INCREMENT=1412 DEFAULT CHARSET=utf8;
/*!40101 SET character_set_client = @saved_cs_client */;

--
-- Dumping data for table `acad_attendance`
--

LOCK TABLES `acad_attendance` WRITE;
/*!40000 ALTER TABLE `acad_attendance` DISABLE KEYS */;
INSERT INTO `acad_attendance` VALUES (1,1,1,'2016-03-31',1),(2,2,1,'2016-03-31',1),(3,3,1,'2016-03-31',1),(4,4,1,'2016-03-31',1),(5,5,1,'2016-03-31',1),(6,6,1,'2016-03-31',1),(7,7,1,'2016-03-31',1),(8,8,1,'2016-03-31',1),(9,9,1,'2016-03-31',1),(10,10,1,'2016-03-31',1),(11,11,1,'2016-03-31',1),(12,12,1,'2016-03-31',1),(13,13,1,'2016-03-31',1),(14,14,1,'2016-03-31',1),(15,15,1,'2016-03-31',1),(16,16,1,'2016-03-31',1),(17,17,1,'2016-03-31',1),(18,18,1,'2016-03-31',1),(19,19,1,'2016-03-31',1),(20,20,1,'2016-03-31',1),(21,21,1,'2016-03-31',1),(22,22,1,'2016-03-31',1),(23,23,1,'2016-03-31',1),(24,24,1,'2016-03-31',1),(25,25,1,'2016-03-31',1),(26,26,1,'2016-03-31',1),(27,27,1,'2016-03-31',1),(28,28,1,'2016-03-31',1),(29,29,1,'2016-03-31',1),(30,30,1,'2016-03-31',1),(31,31,1,'2016-03-31',1),(32,32,1,'2016-03-31',1),(33,33,1,'2016-03-31',1),(34,34,1,'2016-03-31',1),(35,35,1,'2016-03-31',1),(36,36,1,'2016-03-31',1),(37,37,1,'2016-03-31',1),(38,38,1,'2016-03-31',1),(39,39,1,'2016-03-31',1),(40,40,1,'2016-03-31',1),(41,41,1,'2016-03-31',1),(42,42,1,'2016-03-31',1),(43,43,1,'2016-03-31',1),(44,44,1,'2016-03-31',1),(45,45,1,'2016-03-31',1),(46,46,1,'2016-03-31',1),(47,47,1,'2016-03-31',1),(48,48,1,'2016-03-31',1),(49,49,1,'2016-03-31',1),(50,50,1,'2016-03-31',1),(51,51,1,'2016-03-31',1),(52,52,1,'2016-03-31',1),(53,53,1,'2016-03-31',1),(54,54,1,'2016-03-31',0),(55,55,1,'2016-03-31',1),(56,56,1,'2016-03-31',1),(57,57,1,'2016-03-31',1),(58,58,1,'2016-03-31',0),(59,59,1,'2016-03-31',1),(60,60,1,'2016-03-31',1),(61,61,1,'2016-03-31',1),(62,62,1,'2016-03-31',1),(63,63,1,'2016-03-31',1),(64,64,1,'2016-03-31',1),(65,65,1,'2016-03-31',1),(66,66,1,'2016-03-31',1),(67,67,1,'2016-03-31',1),(68,68,1,'2016-03-31',1),(69,69,1,'2016-03-31',1),(70,70,1,'2016-03-31',1),(71,71,1,'2016-03-31',1),(72,72,1,'2016-03-31',1),(73,73,1,'2016-03-31',1),(74,74,1,'2016-03-31',1),(75,75,1,'2016-03-31',1),(76,76,1,'2016-03-31',1),(77,77,1,'2016-03-31',1),(78,78,1,'2016-03-31',1),(79,79,1,'2016-03-31',1),(80,80,1,'2016-03-31',1),(81,81,1,'2016-03-31',1),(82,82,1,'2016-03-31',1),(83,83,1,'2016-03-31',1),(84,1,1,'2016-04-03',1),(85,2,1,'2016-04-03',1),(86,3,1,'2016-04-03',1),(87,4,1,'2016-04-03',1),(88,5,1,'2016-04-03',1),(89,6,1,'2016-04-03',1),(90,7,1,'2016-04-03',1),(91,8,1,'2016-04-03',1),(92,9,1,'2016-04-03',1),(93,10,1,'2016-04-03',1),(94,11,1,'2016-04-03',1),(95,12,1,'2016-04-03',1),(96,13,1,'2016-04-03',1),(97,14,1,'2016-04-03',1),(98,15,1,'2016-04-03',1),(99,16,1,'2016-04-03',1),(100,17,1,'2016-04-03',1),(101,18,1,'2016-04-03',1),(102,19,1,'2016-04-03',1),(103,20,1,'2016-04-03',1),(104,21,1,'2016-04-03',1),(105,22,1,'2016-04-03',1),(106,23,1,'2016-04-03',1),(107,24,1,'2016-04-03',1),(108,25,1,'2016-04-03',1),(109,26,1,'2016-04-03',1),(110,27,1,'2016-04-03',1),(111,28,1,'2016-04-03',1),(112,29,1,'2016-04-03',1),(113,30,1,'2016-04-03',1),(114,31,1,'2016-04-03',1),(115,32,1,'2016-04-03',1),(116,33,1,'2016-04-03',1),(117,34,1,'2016-04-03',1),(118,35,1,'2016-04-03',1),(119,36,1,'2016-04-03',1),(120,37,1,'2016-04-03',1),(121,38,1,'2016-04-03',1),(122,39,1,'2016-04-03',1),(123,40,1,'2016-04-03',1),(124,41,1,'2016-04-03',1),(125,42,1,'2016-04-03',1),(126,43,1,'2016-04-03',1),(127,44,1,'2016-04-03',1),(128,45,1,'2016-04-03',1),(129,46,1,'2016-04-03',1),(130,47,1,'2016-04-03',1),(131,48,1,'2016-04-03',1),(132,49,1,'2016-04-03',1),(133,50,1,'2016-04-03',1),(134,51,1,'2016-04-03',1),(135,52,1,'2016-04-03',1),(136,53,1,'2016-04-03',1),(137,54,1,'2016-04-03',1),(138,55,1,'2016-04-03',0),(139,56,1,'2016-04-03',1),(140,57,1,'2016-04-03',1),(141,58,1,'2016-04-03',1),(142,59,1,'2016-04-03',1),(143,60,1,'2016-04-03',0),(144,61,1,'2016-04-03',0),(145,62,1,'2016-04-03',1),(146,63,1,'2016-04-03',1),(147,64,1,'2016-04-03',1),(148,65,1,'2016-04-03',1),(149,66,1,'2016-04-03',1),(150,67,1,'2016-04-03',1),(151,68,1,'2016-04-03',1),(152,69,1,'2016-04-03',1),(153,70,1,'2016-04-03',1),(154,71,1,'2016-04-03',1),(155,72,1,'2016-04-03',1),(156,73,1,'2016-04-03',1),(157,74,1,'2016-04-03',1),(158,75,1,'2016-04-03',1),(159,76,1,'2016-04-03',1),(160,77,1,'2016-04-03',1),(161,78,1,'2016-04-03',1),(162,79,1,'2016-04-03',1),(163,80,1,'2016-04-03',1),(164,81,1,'2016-04-03',1),(165,82,1,'2016-04-03',1),(166,83,1,'2016-04-03',1),(167,1,1,'2016-04-05',1),(168,2,1,'2016-04-05',1),(169,3,1,'2016-04-05',1),(170,4,1,'2016-04-05',0),(171,5,1,'2016-04-05',1),(172,6,1,'2016-04-05',1),(173,7,1,'2016-04-05',1),(174,8,1,'2016-04-05',1),(175,9,1,'2016-04-05',1),(176,10,1,'2016-04-05',1),(177,11,1,'2016-04-05',1),(178,12,1,'2016-04-05',1),(179,13,1,'2016-04-05',1),(180,14,1,'2016-04-05',1),(181,15,1,'2016-04-05',1),(182,16,1,'2016-04-05',1),(183,17,1,'2016-04-05',1),(184,18,1,'2016-04-05',1),(185,19,1,'2016-04-05',1),(186,20,1,'2016-04-05',1),(187,21,1,'2016-04-05',1),(188,22,1,'2016-04-05',1),(189,23,1,'2016-04-05',1),(190,24,1,'2016-04-05',1),(191,25,1,'2016-04-05',1),(192,26,1,'2016-04-05',1),(193,27,1,'2016-04-05',1),(194,28,1,'2016-04-05',1),(195,29,1,'2016-04-05',1),(196,30,1,'2016-04-05',1),(197,31,1,'2016-04-05',1),(198,32,1,'2016-04-05',1),(199,33,1,'2016-04-05',1),(200,34,1,'2016-04-05',1),(201,35,1,'2016-04-05',1),(202,36,1,'2016-04-05',1),(203,37,1,'2016-04-05',1),(204,38,1,'2016-04-05',1),(205,39,1,'2016-04-05',1),(206,40,1,'2016-04-05',1),(207,41,1,'2016-04-05',1),(208,42,1,'2016-04-05',1),(209,43,1,'2016-04-05',1),(210,44,1,'2016-04-05',1),(211,45,1,'2016-04-05',1),(212,46,1,'2016-04-05',1),(213,47,1,'2016-04-05',1),(214,48,1,'2016-04-05',1),(215,49,1,'2016-04-05',1),(216,50,1,'2016-04-05',1),(217,51,1,'2016-04-05',1),(218,52,1,'2016-04-05',1),(219,53,1,'2016-04-05',1),(220,54,1,'2016-04-05',1),(221,55,1,'2016-04-05',1),(222,56,1,'2016-04-05',1),(223,57,1,'2016-04-05',1),(224,58,1,'2016-04-05',1),(225,59,1,'2016-04-05',0),(226,60,1,'2016-04-05',0),(227,61,1,'2016-04-05',1),(228,62,1,'2016-04-05',1),(229,63,1,'2016-04-05',1),(230,64,1,'2016-04-05',1),(231,65,1,'2016-04-05',1),(232,66,1,'2016-04-05',1),(233,67,1,'2016-04-05',1),(234,68,1,'2016-04-05',1),(235,69,1,'2016-04-05',1),(236,70,1,'2016-04-05',1),(237,71,1,'2016-04-05',1),(238,72,1,'2016-04-05',0),(239,73,1,'2016-04-05',0),(240,74,1,'2016-04-05',0),(241,75,1,'2016-04-05',0),(242,76,1,'2016-04-05',1),(243,77,1,'2016-04-05',1),(244,78,1,'2016-04-05',1),(245,79,1,'2016-04-05',1),(246,80,1,'2016-04-05',1),(247,81,1,'2016-04-05',1),(248,82,1,'2016-04-05',1),(249,83,1,'2016-04-05',1),(250,1,1,'2016-04-06',0),(251,2,1,'2016-04-06',1),(252,3,1,'2016-04-06',0),(253,4,1,'2016-04-06',1),(254,5,1,'2016-04-06',1),(255,6,1,'2016-04-06',1),(256,7,1,'2016-04-06',1),(257,8,1,'2016-04-06',1),(258,9,1,'2016-04-06',1),(259,10,1,'2016-04-06',1),(260,11,1,'2016-04-06',1),(261,12,1,'2016-04-06',1),(262,13,1,'2016-04-06',1),(263,14,1,'2016-04-06',1),(264,15,1,'2016-04-06',1),(265,16,1,'2016-04-06',1),(266,17,1,'2016-04-06',1),(267,18,1,'2016-04-06',1),(268,19,1,'2016-04-06',1),(269,20,1,'2016-04-06',1),(270,21,1,'2016-04-06',1),(271,22,1,'2016-04-06',1),(272,23,1,'2016-04-06',1),(273,24,1,'2016-04-06',1),(274,25,1,'2016-04-06',1),(275,26,1,'2016-04-06',1),(276,27,1,'2016-04-06',1),(277,28,1,'2016-04-06',1),(278,29,1,'2016-04-06',1),(279,30,1,'2016-04-06',1),(280,31,1,'2016-04-06',1),(281,32,1,'2016-04-06',1),(282,33,1,'2016-04-06',1),(283,34,1,'2016-04-06',1),(284,35,1,'2016-04-06',1),(285,36,1,'2016-04-06',1),(286,37,1,'2016-04-06',1),(287,38,1,'2016-04-06',0),(288,39,1,'2016-04-06',1),(289,40,1,'2016-04-06',1),(290,41,1,'2016-04-06',1),(291,42,1,'2016-04-06',1),(292,43,1,'2016-04-06',1),(293,44,1,'2016-04-06',1),(294,45,1,'2016-04-06',1),(295,46,1,'2016-04-06',1),(296,47,1,'2016-04-06',0),(297,48,1,'2016-04-06',1),(298,49,1,'2016-04-06',1),(299,50,1,'2016-04-06',1),(300,51,1,'2016-04-06',0),(301,52,1,'2016-04-06',1),(302,53,1,'2016-04-06',1),(303,54,1,'2016-04-06',1),(304,55,1,'2016-04-06',1),(305,56,1,'2016-04-06',1),(306,57,1,'2016-04-06',1),(307,58,1,'2016-04-06',1),(308,59,1,'2016-04-06',1),(309,60,1,'2016-04-06',1),(310,61,1,'2016-04-06',1),(311,62,1,'2016-04-06',1),(312,63,1,'2016-04-06',0),(313,64,1,'2016-04-06',1),(314,65,1,'2016-04-06',1),(315,66,1,'2016-04-06',1),(316,67,1,'2016-04-06',0),(317,68,1,'2016-04-06',1),(318,69,1,'2016-04-06',0),(319,70,1,'2016-04-06',1),(320,71,1,'2016-04-06',1),(321,72,1,'2016-04-06',1),(322,73,1,'2016-04-06',0),(323,74,1,'2016-04-06',1),(324,75,1,'2016-04-06',1),(325,76,1,'2016-04-06',1),(326,77,1,'2016-04-06',1),(327,78,1,'2016-04-06',1),(328,79,1,'2016-04-06',1),(329,80,1,'2016-04-06',1),(330,81,1,'2016-04-06',1),(331,82,1,'2016-04-06',1),(332,83,1,'2016-04-06',0),(333,1,1,'2016-04-07',1),(334,2,1,'2016-04-07',1),(335,3,1,'2016-04-07',1),(336,4,1,'2016-04-07',1),(337,5,1,'2016-04-07',1),(338,6,1,'2016-04-07',1),(339,7,1,'2016-04-07',1),(340,8,1,'2016-04-07',1),(341,9,1,'2016-04-07',1),(342,10,1,'2016-04-07',1),(343,11,1,'2016-04-07',1),(344,12,1,'2016-04-07',1),(345,13,1,'2016-04-07',1),(346,14,1,'2016-04-07',1),(347,15,1,'2016-04-07',1),(348,16,1,'2016-04-07',1),(349,17,1,'2016-04-07',1),(350,18,1,'2016-04-07',1),(351,19,1,'2016-04-07',1),(352,20,1,'2016-04-07',1),(353,21,1,'2016-04-07',1),(354,22,1,'2016-04-07',1),(355,23,1,'2016-04-07',1),(356,24,1,'2016-04-07',0),(357,25,1,'2016-04-07',1),(358,26,1,'2016-04-07',0),(359,27,1,'2016-04-07',1),(360,28,1,'2016-04-07',1),(361,29,1,'2016-04-07',1),(362,30,1,'2016-04-07',1),(363,31,1,'2016-04-07',1),(364,32,1,'2016-04-07',1),(365,33,1,'2016-04-07',1),(366,34,1,'2016-04-07',1),(367,35,1,'2016-04-07',1),(368,36,1,'2016-04-07',1),(369,37,1,'2016-04-07',1),(370,38,1,'2016-04-07',1),(371,39,1,'2016-04-07',1),(372,40,1,'2016-04-07',1),(373,41,1,'2016-04-07',1),(374,42,1,'2016-04-07',1),(375,43,1,'2016-04-07',1),(376,44,1,'2016-04-07',1),(377,45,1,'2016-04-07',1),(378,46,1,'2016-04-07',1),(379,47,1,'2016-04-07',1),(380,48,1,'2016-04-07',1),(381,49,1,'2016-04-07',1),(382,50,1,'2016-04-07',1),(383,51,1,'2016-04-07',1),(384,52,1,'2016-04-07',1),(385,53,1,'2016-04-07',1),(386,54,1,'2016-04-07',1),(387,55,1,'2016-04-07',1),(388,56,1,'2016-04-07',1),(389,57,1,'2016-04-07',1),(390,58,1,'2016-04-07',1),(391,59,1,'2016-04-07',1),(392,60,1,'2016-04-07',1),(393,61,1,'2016-04-07',1),(394,62,1,'2016-04-07',1),(395,63,1,'2016-04-07',1),(396,64,1,'2016-04-07',1),(397,65,1,'2016-04-07',1),(398,66,1,'2016-04-07',1),(399,67,1,'2016-04-07',1),(400,68,1,'2016-04-07',1),(401,69,1,'2016-04-07',1),(402,70,1,'2016-04-07',1),(403,71,1,'2016-04-07',1),(404,72,1,'2016-04-07',1),(405,73,1,'2016-04-07',1),(406,74,1,'2016-04-07',1),(407,75,1,'2016-04-07',1),(408,76,1,'2016-04-07',1),(409,77,1,'2016-04-07',1),(410,78,1,'2016-04-07',1),(411,79,1,'2016-04-07',1),(412,80,1,'2016-04-07',1),(413,81,1,'2016-04-07',1),(414,82,1,'2016-04-07',1),(415,83,1,'2016-04-07',1),(416,1,1,'2016-04-26',1),(417,2,1,'2016-04-26',1),(418,3,1,'2016-04-26',1),(419,4,1,'2016-04-26',1),(420,5,1,'2016-04-26',1),(421,6,1,'2016-04-26',1),(422,7,1,'2016-04-26',1),(423,8,1,'2016-04-26',1),(424,9,1,'2016-04-26',1),(425,10,1,'2016-04-26',1),(426,11,1,'2016-04-26',1),(427,12,1,'2016-04-26',1),(428,13,1,'2016-04-26',1),(429,14,1,'2016-04-26',1),(430,15,1,'2016-04-26',1),(431,16,1,'2016-04-26',1),(432,17,1,'2016-04-26',1),(433,18,1,'2016-04-26',1),(434,19,1,'2016-04-26',1),(435,20,1,'2016-04-26',1),(436,21,1,'2016-04-26',1),(437,22,1,'2016-04-26',1),(438,23,1,'2016-04-26',1),(439,24,1,'2016-04-26',1),(440,25,1,'2016-04-26',1),(441,26,1,'2016-04-26',1),(442,27,1,'2016-04-26',1),(443,28,1,'2016-04-26',1),(444,29,1,'2016-04-26',1),(445,30,1,'2016-04-26',1),(446,31,1,'2016-04-26',1),(447,32,1,'2016-04-26',1),(448,33,1,'2016-04-26',1),(449,34,1,'2016-04-26',1),(450,35,1,'2016-04-26',1),(451,36,1,'2016-04-26',1),(452,37,1,'2016-04-26',1),(453,38,1,'2016-04-26',1),(454,39,1,'2016-04-26',1),(455,40,1,'2016-04-26',1),(456,41,1,'2016-04-26',1),(457,42,1,'2016-04-26',1),(458,43,1,'2016-04-26',1),(459,44,1,'2016-04-26',1),(460,45,1,'2016-04-26',1),(461,46,1,'2016-04-26',1),(462,47,1,'2016-04-26',1),(463,48,1,'2016-04-26',1),(464,49,1,'2016-04-26',1),(465,50,1,'2016-04-26',1),(466,51,1,'2016-04-26',1),(467,52,1,'2016-04-26',1),(468,53,1,'2016-04-26',1),(469,54,1,'2016-04-26',1),(470,55,1,'2016-04-26',1),(471,56,1,'2016-04-26',1),(472,57,1,'2016-04-26',1),(473,58,1,'2016-04-26',1),(474,59,1,'2016-04-26',1),(475,60,1,'2016-04-26',1),(476,61,1,'2016-04-26',1),(477,62,1,'2016-04-26',1),(478,63,1,'2016-04-26',1),(479,64,1,'2016-04-26',1),(480,65,1,'2016-04-26',1),(481,66,1,'2016-04-26',1),(482,67,1,'2016-04-26',1),(483,68,1,'2016-04-26',1),(484,69,1,'2016-04-26',1),(485,70,1,'2016-04-26',1),(486,71,1,'2016-04-26',1),(487,72,1,'2016-04-26',1),(488,73,1,'2016-04-26',1),(489,74,1,'2016-04-26',1),(490,75,1,'2016-04-26',1),(491,76,1,'2016-04-26',1),(492,77,1,'2016-04-26',1),(493,78,1,'2016-04-26',1),(494,79,1,'2016-04-26',1),(495,80,1,'2016-04-26',1),(496,81,1,'2016-04-26',1),(497,82,1,'2016-04-26',1),(498,83,1,'2016-04-26',1),(499,1,1,'2016-05-20',0),(500,2,1,'2016-05-20',1),(501,3,1,'2016-05-20',0),(502,4,1,'2016-05-20',1),(503,5,1,'2016-05-20',1),(504,6,1,'2016-05-20',1),(505,7,1,'2016-05-20',1),(506,8,1,'2016-05-20',0),(507,9,1,'2016-05-20',1),(508,10,1,'2016-05-20',1),(509,11,1,'2016-05-20',1),(510,12,1,'2016-05-20',1),(511,13,1,'2016-05-20',1),(512,14,1,'2016-05-20',1),(513,15,1,'2016-05-20',1),(514,16,1,'2016-05-20',1),(515,17,1,'2016-05-20',0),(516,18,1,'2016-05-20',0),(517,19,1,'2016-05-20',1),(518,20,1,'2016-05-20',1),(519,21,1,'2016-05-20',1),(520,22,1,'2016-05-20',1),(521,23,1,'2016-05-20',1),(522,24,1,'2016-05-20',1),(523,25,1,'2016-05-20',1),(524,26,1,'2016-05-20',0),(525,27,1,'2016-05-20',1),(526,28,1,'2016-05-20',1),(527,29,1,'2016-05-20',1),(528,30,1,'2016-05-20',1),(529,31,1,'2016-05-20',1),(530,32,1,'2016-05-20',1),(531,33,1,'2016-05-20',1),(532,34,1,'2016-05-20',1),(533,35,1,'2016-05-20',1),(534,36,1,'2016-05-20',1),(535,37,1,'2016-05-20',1),(536,38,1,'2016-05-20',0),(537,39,1,'2016-05-20',1),(538,40,1,'2016-05-20',1),(539,41,1,'2016-05-20',0),(540,42,1,'2016-05-20',1),(541,43,1,'2016-05-20',1),(542,44,1,'2016-05-20',1),(543,45,1,'2016-05-20',1),(544,46,1,'2016-05-20',1),(545,47,1,'2016-05-20',0),(546,48,1,'2016-05-20',1),(547,49,1,'2016-05-20',1),(548,50,1,'2016-05-20',1),(549,51,1,'2016-05-20',1),(550,52,1,'2016-05-20',0),(551,53,1,'2016-05-20',1),(552,54,1,'2016-05-20',1),(553,55,1,'2016-05-20',1),(554,56,1,'2016-05-20',1),(555,57,1,'2016-05-20',1),(556,58,1,'2016-05-20',1),(557,59,1,'2016-05-20',1),(558,60,1,'2016-05-20',1),(559,61,1,'2016-05-20',1),(560,62,1,'2016-05-20',0),(561,63,1,'2016-05-20',1),(562,64,1,'2016-05-20',0),(563,65,1,'2016-05-20',0),(564,66,1,'2016-05-20',1),(565,67,1,'2016-05-20',1),(566,68,1,'2016-05-20',0),(567,69,1,'2016-05-20',1),(568,70,1,'2016-05-20',0),(569,71,1,'2016-05-20',1),(570,72,1,'2016-05-20',1),(571,73,1,'2016-05-20',1),(572,74,1,'2016-05-20',1),(573,75,1,'2016-05-20',1),(574,76,1,'2016-05-20',1),(575,77,1,'2016-05-20',1),(576,78,1,'2016-05-20',0),(577,79,1,'2016-05-20',1),(578,80,1,'2016-05-20',1),(579,81,1,'2016-05-20',1),(580,82,1,'2016-05-20',0),(581,83,1,'2016-05-20',0),(582,1,1,'2016-07-27',0),(583,2,1,'2016-07-27',0),(584,3,1,'2016-07-27',0),(585,4,1,'2016-07-27',0),(586,5,1,'2016-07-27',0),(587,6,1,'2016-07-27',0),(588,7,1,'2016-07-27',0),(589,8,1,'2016-07-27',0),(590,9,1,'2016-07-27',1),(591,10,1,'2016-07-27',1),(592,11,1,'2016-07-27',1),(593,12,1,'2016-07-27',1),(594,13,1,'2016-07-27',1),(595,14,1,'2016-07-27',1),(596,15,1,'2016-07-27',1),(597,16,1,'2016-07-27',1),(598,17,1,'2016-07-27',1),(599,18,1,'2016-07-27',1),(600,19,1,'2016-07-27',1),(601,20,1,'2016-07-27',1),(602,21,1,'2016-07-27',1),(603,22,1,'2016-07-27',1),(604,23,1,'2016-07-27',1),(605,24,1,'2016-07-27',1),(606,25,1,'2016-07-27',1),(607,26,1,'2016-07-27',1),(608,27,1,'2016-07-27',1),(609,28,1,'2016-07-27',1),(610,29,1,'2016-07-27',1),(611,30,1,'2016-07-27',1),(612,31,1,'2016-07-27',1),(613,32,1,'2016-07-27',1),(614,33,1,'2016-07-27',1),(615,34,1,'2016-07-27',1),(616,35,1,'2016-07-27',1),(617,36,1,'2016-07-27',1),(618,37,1,'2016-07-27',1),(619,38,1,'2016-07-27',1),(620,39,1,'2016-07-27',1),(621,40,1,'2016-07-27',1),(622,41,1,'2016-07-27',1),(623,42,1,'2016-07-27',1),(624,43,1,'2016-07-27',1),(625,44,1,'2016-07-27',1),(626,45,1,'2016-07-27',1),(627,46,1,'2016-07-27',1),(628,47,1,'2016-07-27',1),(629,48,1,'2016-07-27',1),(630,49,1,'2016-07-27',1),(631,50,1,'2016-07-27',1),(632,51,1,'2016-07-27',1),(633,52,1,'2016-07-27',1),(634,53,1,'2016-07-27',1),(635,54,1,'2016-07-27',1),(636,55,1,'2016-07-27',1),(637,56,1,'2016-07-27',1),(638,57,1,'2016-07-27',1),(639,58,1,'2016-07-27',1),(640,59,1,'2016-07-27',1),(641,60,1,'2016-07-27',1),(642,61,1,'2016-07-27',1),(643,62,1,'2016-07-27',1),(644,63,1,'2016-07-27',1),(645,64,1,'2016-07-27',1),(646,65,1,'2016-07-27',1),(647,66,1,'2016-07-27',1),(648,67,1,'2016-07-27',1),(649,68,1,'2016-07-27',1),(650,69,1,'2016-07-27',1),(651,70,1,'2016-07-27',1),(652,71,1,'2016-07-27',1),(653,72,1,'2016-07-27',1),(654,73,1,'2016-07-27',1),(655,74,1,'2016-07-27',1),(656,75,1,'2016-07-27',1),(657,76,1,'2016-07-27',1),(658,77,1,'2016-07-27',1),(659,78,1,'2016-07-27',1),(660,79,1,'2016-07-27',1),(661,80,1,'2016-07-27',1),(662,81,1,'2016-07-27',1),(663,82,1,'2016-07-27',1),(664,83,1,'2016-07-27',1),(665,1,1,'2016-10-03',1),(666,2,1,'2016-10-03',1),(667,3,1,'2016-10-03',1),(668,4,1,'2016-10-03',1),(669,5,1,'2016-10-03',1),(670,6,1,'2016-10-03',1),(671,7,1,'2016-10-03',1),(672,8,1,'2016-10-03',1),(673,9,1,'2016-10-03',1),(674,10,1,'2016-10-03',0),(675,11,1,'2016-10-03',0),(676,12,1,'2016-10-03',0),(677,13,1,'2016-10-03',0),(678,14,1,'2016-10-03',0),(679,15,1,'2016-10-03',1),(680,16,1,'2016-10-03',1),(681,17,1,'2016-10-03',1),(682,18,1,'2016-10-03',1),(683,19,1,'2016-10-03',1),(684,20,1,'2016-10-03',1),(685,21,1,'2016-10-03',1),(686,22,1,'2016-10-03',1),(687,23,1,'2016-10-03',1),(688,24,1,'2016-10-03',1),(689,25,1,'2016-10-03',0),(690,26,1,'2016-10-03',1),(691,27,1,'2016-10-03',1),(692,28,1,'2016-10-03',1),(693,29,1,'2016-10-03',1),(694,30,1,'2016-10-03',1),(695,31,1,'2016-10-03',1),(696,32,1,'2016-10-03',1),(697,33,1,'2016-10-03',1),(698,34,1,'2016-10-03',1),(699,35,1,'2016-10-03',1),(700,36,1,'2016-10-03',1),(701,37,1,'2016-10-03',1),(702,38,1,'2016-10-03',1),(703,39,1,'2016-10-03',1),(704,40,1,'2016-10-03',1),(705,41,1,'2016-10-03',1),(706,42,1,'2016-10-03',1),(707,43,1,'2016-10-03',1),(708,44,1,'2016-10-03',1),(709,45,1,'2016-10-03',1),(710,46,1,'2016-10-03',1),(711,47,1,'2016-10-03',1),(712,48,1,'2016-10-03',1),(713,49,1,'2016-10-03',1),(714,50,1,'2016-10-03',1),(715,51,1,'2016-10-03',1),(716,52,1,'2016-10-03',1),(717,53,1,'2016-10-03',1),(718,54,1,'2016-10-03',1),(719,55,1,'2016-10-03',1),(720,56,1,'2016-10-03',1),(721,57,1,'2016-10-03',1),(722,58,1,'2016-10-03',1),(723,59,1,'2016-10-03',1),(724,60,1,'2016-10-03',1),(725,61,1,'2016-10-03',1),(726,62,1,'2016-10-03',1),(727,63,1,'2016-10-03',1),(728,64,1,'2016-10-03',1),(729,65,1,'2016-10-03',1),(730,66,1,'2016-10-03',1),(731,67,1,'2016-10-03',1),(732,68,1,'2016-10-03',1),(733,69,1,'2016-10-03',1),(734,70,1,'2016-10-03',1),(735,71,1,'2016-10-03',1),(736,72,1,'2016-10-03',1),(737,73,1,'2016-10-03',1),(738,74,1,'2016-10-03',1),(739,75,1,'2016-10-03',1),(740,76,1,'2016-10-03',1),(741,77,1,'2016-10-03',1),(742,78,1,'2016-10-03',1),(743,79,1,'2016-10-03',1),(744,80,1,'2016-10-03',1),(745,81,1,'2016-10-03',1),(746,82,1,'2016-10-03',1),(747,83,1,'2016-10-03',1),(748,1,1,'2016-10-06',0),(749,2,1,'2016-10-06',0),(750,3,1,'2016-10-06',0),(751,4,1,'2016-10-06',0),(752,5,1,'2016-10-06',0),(753,6,1,'2016-10-06',0),(754,7,1,'2016-10-06',0),(755,8,1,'2016-10-06',0),(756,9,1,'2016-10-06',1),(757,10,1,'2016-10-06',1),(758,11,1,'2016-10-06',1),(759,12,1,'2016-10-06',1),(760,13,1,'2016-10-06',1),(761,14,1,'2016-10-06',1),(762,15,1,'2016-10-06',1),(763,16,1,'2016-10-06',1),(764,17,1,'2016-10-06',1),(765,18,1,'2016-10-06',1),(766,19,1,'2016-10-06',1),(767,20,1,'2016-10-06',1),(768,21,1,'2016-10-06',1),(769,22,1,'2016-10-06',1),(770,23,1,'2016-10-06',1),(771,24,1,'2016-10-06',1),(772,25,1,'2016-10-06',1),(773,26,1,'2016-10-06',1),(774,27,1,'2016-10-06',1),(775,28,1,'2016-10-06',1),(776,29,1,'2016-10-06',1),(777,30,1,'2016-10-06',1),(778,31,1,'2016-10-06',1),(779,32,1,'2016-10-06',1),(780,33,1,'2016-10-06',1),(781,34,1,'2016-10-06',1),(782,35,1,'2016-10-06',1),(783,36,1,'2016-10-06',1),(784,37,1,'2016-10-06',1),(785,38,1,'2016-10-06',1),(786,39,1,'2016-10-06',1),(787,40,1,'2016-10-06',1),(788,41,1,'2016-10-06',1),(789,42,1,'2016-10-06',1),(790,43,1,'2016-10-06',1),(791,44,1,'2016-10-06',1),(792,45,1,'2016-10-06',1),(793,46,1,'2016-10-06',1),(794,47,1,'2016-10-06',1),(795,48,1,'2016-10-06',1),(796,49,1,'2016-10-06',1),(797,50,1,'2016-10-06',1),(798,51,1,'2016-10-06',1),(799,52,1,'2016-10-06',1),(800,53,1,'2016-10-06',1),(801,54,1,'2016-10-06',1),(802,55,1,'2016-10-06',1),(803,56,1,'2016-10-06',1),(804,57,1,'2016-10-06',1),(805,58,1,'2016-10-06',1),(806,59,1,'2016-10-06',1),(807,60,1,'2016-10-06',1),(808,61,1,'2016-10-06',1),(809,62,1,'2016-10-06',1),(810,63,1,'2016-10-06',0),(811,64,1,'2016-10-06',0),(812,65,1,'2016-10-06',0),(813,66,1,'2016-10-06',0),(814,67,1,'2016-10-06',0),(815,68,1,'2016-10-06',0),(816,69,1,'2016-10-06',0),(817,70,1,'2016-10-06',0),(818,71,1,'2016-10-06',0),(819,72,1,'2016-10-06',1),(820,73,1,'2016-10-06',1),(821,74,1,'2016-10-06',1),(822,75,1,'2016-10-06',1),(823,76,1,'2016-10-06',1),(824,77,1,'2016-10-06',1),(825,78,1,'2016-10-06',1),(826,79,1,'2016-10-06',1),(827,80,1,'2016-10-06',1),(828,81,1,'2016-10-06',1),(829,82,1,'2016-10-06',1),(830,83,1,'2016-10-06',1),(831,1,3,'2016-10-06',1),(832,2,3,'2016-10-06',1),(833,3,3,'2016-10-06',1),(834,4,3,'2016-10-06',1),(835,5,3,'2016-10-06',1),(836,6,3,'2016-10-06',1),(837,7,3,'2016-10-06',1),(838,8,3,'2016-10-06',1),(839,9,3,'2016-10-06',1),(840,10,3,'2016-10-06',1),(841,11,3,'2016-10-06',1),(842,12,3,'2016-10-06',1),(843,13,3,'2016-10-06',1),(844,14,3,'2016-10-06',1),(845,15,3,'2016-10-06',1),(846,16,3,'2016-10-06',1),(847,17,3,'2016-10-06',1),(848,18,3,'2016-10-06',1),(849,19,3,'2016-10-06',1),(850,20,3,'2016-10-06',1),(851,21,3,'2016-10-06',1),(852,22,3,'2016-10-06',1),(853,23,3,'2016-10-06',1),(854,24,3,'2016-10-06',1),(855,25,3,'2016-10-06',1),(856,26,3,'2016-10-06',1),(857,27,3,'2016-10-06',1),(858,28,3,'2016-10-06',1),(859,29,3,'2016-10-06',1),(860,30,3,'2016-10-06',1),(861,31,3,'2016-10-06',1),(862,32,3,'2016-10-06',1),(863,33,3,'2016-10-06',1),(864,34,3,'2016-10-06',1),(865,35,3,'2016-10-06',1),(866,36,3,'2016-10-06',1),(867,37,3,'2016-10-06',1),(868,38,3,'2016-10-06',1),(869,39,3,'2016-10-06',1),(870,40,3,'2016-10-06',1),(871,41,3,'2016-10-06',1),(872,42,3,'2016-10-06',1),(873,43,3,'2016-10-06',1),(874,44,3,'2016-10-06',1),(875,45,3,'2016-10-06',1),(876,46,3,'2016-10-06',1),(877,47,3,'2016-10-06',1),(878,48,3,'2016-10-06',1),(879,49,3,'2016-10-06',1),(880,50,3,'2016-10-06',1),(881,51,3,'2016-10-06',1),(882,52,3,'2016-10-06',1),(883,53,3,'2016-10-06',1),(884,54,3,'2016-10-06',1),(885,55,3,'2016-10-06',1),(886,56,3,'2016-10-06',1),(887,57,3,'2016-10-06',1),(888,58,3,'2016-10-06',1),(889,59,3,'2016-10-06',1),(890,60,3,'2016-10-06',1),(891,61,3,'2016-10-06',1),(892,62,3,'2016-10-06',1),(893,63,3,'2016-10-06',1),(894,64,3,'2016-10-06',1),(895,65,3,'2016-10-06',1),(896,66,3,'2016-10-06',1),(897,67,3,'2016-10-06',1),(898,68,3,'2016-10-06',1),(899,69,3,'2016-10-06',1),(900,70,3,'2016-10-06',1),(901,71,3,'2016-10-06',1),(902,72,3,'2016-10-06',1),(903,73,3,'2016-10-06',1),(904,74,3,'2016-10-06',1),(905,75,3,'2016-10-06',1),(906,76,3,'2016-10-06',1),(907,77,3,'2016-10-06',1),(908,78,3,'2016-10-06',1),(909,79,3,'2016-10-06',1),(910,80,3,'2016-10-06',1),(911,81,3,'2016-10-06',1),(912,82,3,'2016-10-06',1),(913,83,3,'2016-10-06',1),(914,1,4,'2016-10-06',1),(915,2,4,'2016-10-06',1),(916,3,4,'2016-10-06',1),(917,4,4,'2016-10-06',1),(918,5,4,'2016-10-06',1),(919,6,4,'2016-10-06',1),(920,7,4,'2016-10-06',1),(921,8,4,'2016-10-06',1),(922,9,4,'2016-10-06',1),(923,10,4,'2016-10-06',1),(924,11,4,'2016-10-06',1),(925,12,4,'2016-10-06',1),(926,13,4,'2016-10-06',1),(927,14,4,'2016-10-06',1),(928,15,4,'2016-10-06',1),(929,16,4,'2016-10-06',1),(930,17,4,'2016-10-06',1),(931,18,4,'2016-10-06',1),(932,19,4,'2016-10-06',1),(933,20,4,'2016-10-06',1),(934,21,4,'2016-10-06',1),(935,22,4,'2016-10-06',1),(936,23,4,'2016-10-06',1),(937,24,4,'2016-10-06',1),(938,25,4,'2016-10-06',1),(939,26,4,'2016-10-06',1),(940,27,4,'2016-10-06',1),(941,28,4,'2016-10-06',1),(942,29,4,'2016-10-06',1),(943,30,4,'2016-10-06',1),(944,31,4,'2016-10-06',1),(945,32,4,'2016-10-06',1),(946,33,4,'2016-10-06',1),(947,34,4,'2016-10-06',1),(948,35,4,'2016-10-06',1),(949,36,4,'2016-10-06',1),(950,37,4,'2016-10-06',1),(951,38,4,'2016-10-06',1),(952,39,4,'2016-10-06',1),(953,40,4,'2016-10-06',1),(954,41,4,'2016-10-06',1),(955,42,4,'2016-10-06',1),(956,43,4,'2016-10-06',1),(957,44,4,'2016-10-06',1),(958,45,4,'2016-10-06',1),(959,46,4,'2016-10-06',1),(960,47,4,'2016-10-06',1),(961,48,4,'2016-10-06',1),(962,49,4,'2016-10-06',1),(963,50,4,'2016-10-06',1),(964,51,4,'2016-10-06',1),(965,52,4,'2016-10-06',1),(966,53,4,'2016-10-06',1),(967,54,4,'2016-10-06',1),(968,55,4,'2016-10-06',1),(969,56,4,'2016-10-06',1),(970,57,4,'2016-10-06',1),(971,58,4,'2016-10-06',1),(972,59,4,'2016-10-06',1),(973,60,4,'2016-10-06',1),(974,61,4,'2016-10-06',1),(975,62,4,'2016-10-06',1),(976,63,4,'2016-10-06',1),(977,64,4,'2016-10-06',1),(978,65,4,'2016-10-06',1),(979,66,4,'2016-10-06',1),(980,67,4,'2016-10-06',1),(981,68,4,'2016-10-06',1),(982,69,4,'2016-10-06',1),(983,70,4,'2016-10-06',1),(984,71,4,'2016-10-06',1),(985,72,4,'2016-10-06',0),(986,73,4,'2016-10-06',0),(987,74,4,'2016-10-06',0),(988,75,4,'2016-10-06',0),(989,76,4,'2016-10-06',1),(990,77,4,'2016-10-06',0),(991,78,4,'2016-10-06',0),(992,79,4,'2016-10-06',0),(993,80,4,'2016-10-06',1),(994,81,4,'2016-10-06',1),(995,82,4,'2016-10-06',1),(996,83,4,'2016-10-06',1),(997,1,5,'2016-10-06',1),(998,2,5,'2016-10-06',1),(999,3,5,'2016-10-06',1),(1000,4,5,'2016-10-06',1),(1001,5,5,'2016-10-06',1),(1002,6,5,'2016-10-06',1),(1003,7,5,'2016-10-06',1),(1004,8,5,'2016-10-06',1),(1005,9,5,'2016-10-06',1),(1006,10,5,'2016-10-06',0),(1007,11,5,'2016-10-06',0),(1008,12,5,'2016-10-06',0),(1009,13,5,'2016-10-06',0),(1010,14,5,'2016-10-06',0),(1011,15,5,'2016-10-06',1),(1012,16,5,'2016-10-06',1),(1013,17,5,'2016-10-06',1),(1014,18,5,'2016-10-06',1),(1015,19,5,'2016-10-06',1),(1016,20,5,'2016-10-06',1),(1017,21,5,'2016-10-06',1),(1018,22,5,'2016-10-06',1),(1019,23,5,'2016-10-06',1),(1020,24,5,'2016-10-06',1),(1021,25,5,'2016-10-06',1),(1022,26,5,'2016-10-06',1),(1023,27,5,'2016-10-06',1),(1024,28,5,'2016-10-06',1),(1025,29,5,'2016-10-06',1),(1026,30,5,'2016-10-06',1),(1027,31,5,'2016-10-06',1),(1028,32,5,'2016-10-06',1),(1029,33,5,'2016-10-06',1),(1030,34,5,'2016-10-06',1),(1031,35,5,'2016-10-06',1),(1032,36,5,'2016-10-06',1),(1033,37,5,'2016-10-06',1),(1034,38,5,'2016-10-06',1),(1035,39,5,'2016-10-06',1),(1036,40,5,'2016-10-06',1),(1037,41,5,'2016-10-06',1),(1038,42,5,'2016-10-06',1),(1039,43,5,'2016-10-06',1),(1040,44,5,'2016-10-06',1),(1041,45,5,'2016-10-06',1),(1042,46,5,'2016-10-06',1),(1043,47,5,'2016-10-06',1),(1044,48,5,'2016-10-06',1),(1045,49,5,'2016-10-06',1),(1046,50,5,'2016-10-06',1),(1047,51,5,'2016-10-06',1),(1048,52,5,'2016-10-06',1),(1049,53,5,'2016-10-06',1),(1050,54,5,'2016-10-06',1),(1051,55,5,'2016-10-06',1),(1052,56,5,'2016-10-06',1),(1053,57,5,'2016-10-06',1),(1054,58,5,'2016-10-06',1),(1055,59,5,'2016-10-06',1),(1056,60,5,'2016-10-06',1),(1057,61,5,'2016-10-06',1),(1058,62,5,'2016-10-06',1),(1059,63,5,'2016-10-06',1),(1060,64,5,'2016-10-06',1),(1061,65,5,'2016-10-06',1),(1062,66,5,'2016-10-06',1),(1063,67,5,'2016-10-06',1),(1064,68,5,'2016-10-06',1),(1065,69,5,'2016-10-06',1),(1066,70,5,'2016-10-06',1),(1067,71,5,'2016-10-06',1),(1068,72,5,'2016-10-06',1),(1069,73,5,'2016-10-06',1),(1070,74,5,'2016-10-06',1),(1071,75,5,'2016-10-06',1),(1072,76,5,'2016-10-06',1),(1073,77,5,'2016-10-06',1),(1074,78,5,'2016-10-06',1),(1075,79,5,'2016-10-06',1),(1076,80,5,'2016-10-06',1),(1077,81,5,'2016-10-06',1),(1078,82,5,'2016-10-06',1),(1079,83,5,'2016-10-06',1),(1080,1,6,'2016-10-06',0),(1081,2,6,'2016-10-06',0),(1082,3,6,'2016-10-06',0),(1083,4,6,'2016-10-06',0),(1084,5,6,'2016-10-06',0),(1085,6,6,'2016-10-06',1),(1086,7,6,'2016-10-06',1),(1087,8,6,'2016-10-06',1),(1088,9,6,'2016-10-06',1),(1089,10,6,'2016-10-06',1),(1090,11,6,'2016-10-06',1),(1091,12,6,'2016-10-06',1),(1092,13,6,'2016-10-06',1),(1093,14,6,'2016-10-06',1),(1094,15,6,'2016-10-06',1),(1095,16,6,'2016-10-06',1),(1096,17,6,'2016-10-06',1),(1097,18,6,'2016-10-06',1),(1098,19,6,'2016-10-06',1),(1099,20,6,'2016-10-06',1),(1100,21,6,'2016-10-06',1),(1101,22,6,'2016-10-06',1),(1102,23,6,'2016-10-06',1),(1103,24,6,'2016-10-06',1),(1104,25,6,'2016-10-06',1),(1105,26,6,'2016-10-06',1),(1106,27,6,'2016-10-06',1),(1107,28,6,'2016-10-06',1),(1108,29,6,'2016-10-06',1),(1109,30,6,'2016-10-06',1),(1110,31,6,'2016-10-06',1),(1111,32,6,'2016-10-06',1),(1112,33,6,'2016-10-06',1),(1113,34,6,'2016-10-06',1),(1114,35,6,'2016-10-06',1),(1115,36,6,'2016-10-06',1),(1116,37,6,'2016-10-06',1),(1117,38,6,'2016-10-06',1),(1118,39,6,'2016-10-06',1),(1119,40,6,'2016-10-06',1),(1120,41,6,'2016-10-06',1),(1121,42,6,'2016-10-06',1),(1122,43,6,'2016-10-06',1),(1123,44,6,'2016-10-06',1),(1124,45,6,'2016-10-06',1),(1125,46,6,'2016-10-06',1),(1126,47,6,'2016-10-06',1),(1127,48,6,'2016-10-06',1),(1128,49,6,'2016-10-06',1),(1129,50,6,'2016-10-06',1),(1130,51,6,'2016-10-06',1),(1131,52,6,'2016-10-06',1),(1132,53,6,'2016-10-06',1),(1133,54,6,'2016-10-06',1),(1134,55,6,'2016-10-06',1),(1135,56,6,'2016-10-06',1),(1136,57,6,'2016-10-06',1),(1137,58,6,'2016-10-06',1),(1138,59,6,'2016-10-06',1),(1139,60,6,'2016-10-06',1),(1140,61,6,'2016-10-06',1),(1141,62,6,'2016-10-06',1),(1142,63,6,'2016-10-06',1),(1143,64,6,'2016-10-06',1),(1144,65,6,'2016-10-06',1),(1145,66,6,'2016-10-06',1),(1146,67,6,'2016-10-06',1),(1147,68,6,'2016-10-06',1),(1148,69,6,'2016-10-06',1),(1149,70,6,'2016-10-06',1),(1150,71,6,'2016-10-06',1),(1151,72,6,'2016-10-06',1),(1152,73,6,'2016-10-06',1),(1153,74,6,'2016-10-06',1),(1154,75,6,'2016-10-06',1),(1155,76,6,'2016-10-06',1),(1156,77,6,'2016-10-06',1),(1157,78,6,'2016-10-06',1),(1158,79,6,'2016-10-06',1),(1159,80,6,'2016-10-06',1),(1160,81,6,'2016-10-06',1),(1161,82,6,'2016-10-06',1),(1162,83,6,'2016-10-06',1),(1163,1,4,'2016-10-13',1),(1164,2,4,'2016-10-13',0),(1165,3,4,'2016-10-13',1),(1166,4,4,'2016-10-13',1),(1167,5,4,'2016-10-13',0),(1168,6,4,'2016-10-13',0),(1169,7,4,'2016-10-13',0),(1170,8,4,'2016-10-13',1),(1171,9,4,'2016-10-13',1),(1172,10,4,'2016-10-13',1),(1173,11,4,'2016-10-13',1),(1174,12,4,'2016-10-13',1),(1175,13,4,'2016-10-13',1),(1176,14,4,'2016-10-13',1),(1177,15,4,'2016-10-13',1),(1178,16,4,'2016-10-13',0),(1179,17,4,'2016-10-13',1),(1180,18,4,'2016-10-13',1),(1181,19,4,'2016-10-13',1),(1182,20,4,'2016-10-13',1),(1183,21,4,'2016-10-13',1),(1184,22,4,'2016-10-13',1),(1185,23,4,'2016-10-13',1),(1186,24,4,'2016-10-13',1),(1187,25,4,'2016-10-13',1),(1188,26,4,'2016-10-13',1),(1189,27,4,'2016-10-13',1),(1190,28,4,'2016-10-13',1),(1191,29,4,'2016-10-13',1),(1192,30,4,'2016-10-13',1),(1193,31,4,'2016-10-13',1),(1194,32,4,'2016-10-13',1),(1195,33,4,'2016-10-13',1),(1196,34,4,'2016-10-13',1),(1197,35,4,'2016-10-13',1),(1198,36,4,'2016-10-13',1),(1199,37,4,'2016-10-13',1),(1200,38,4,'2016-10-13',1),(1201,39,4,'2016-10-13',1),(1202,40,4,'2016-10-13',1),(1203,41,4,'2016-10-13',1),(1204,42,4,'2016-10-13',1),(1205,43,4,'2016-10-13',1),(1206,44,4,'2016-10-13',1),(1207,45,4,'2016-10-13',1),(1208,46,4,'2016-10-13',1),(1209,47,4,'2016-10-13',1),(1210,48,4,'2016-10-13',1),(1211,49,4,'2016-10-13',1),(1212,50,4,'2016-10-13',1),(1213,51,4,'2016-10-13',1),(1214,52,4,'2016-10-13',1),(1215,53,4,'2016-10-13',1),(1216,54,4,'2016-10-13',1),(1217,55,4,'2016-10-13',0),(1218,56,4,'2016-10-13',1),(1219,57,4,'2016-10-13',1),(1220,58,4,'2016-10-13',1),(1221,59,4,'2016-10-13',1),(1222,60,4,'2016-10-13',0),(1223,61,4,'2016-10-13',0),(1224,62,4,'2016-10-13',1),(1225,63,4,'2016-10-13',1),(1226,64,4,'2016-10-13',1),(1227,65,4,'2016-10-13',1),(1228,66,4,'2016-10-13',1),(1229,67,4,'2016-10-13',1),(1230,68,4,'2016-10-13',1),(1231,69,4,'2016-10-13',1),(1232,70,4,'2016-10-13',1),(1233,71,4,'2016-10-13',1),(1234,72,4,'2016-10-13',1),(1235,73,4,'2016-10-13',1),(1236,74,4,'2016-10-13',1),(1237,75,4,'2016-10-13',0),(1238,76,4,'2016-10-13',1),(1239,77,4,'2016-10-13',1),(1240,78,4,'2016-10-13',1),(1241,79,4,'2016-10-13',1),(1242,80,4,'2016-10-13',1),(1243,81,4,'2016-10-13',1),(1244,82,4,'2016-10-13',1),(1245,83,4,'2016-10-13',1),(1246,1,6,'2016-10-13',1),(1247,2,6,'2016-10-13',1),(1248,3,6,'2016-10-13',1),(1249,4,6,'2016-10-13',1),(1250,5,6,'2016-10-13',1),(1251,6,6,'2016-10-13',1),(1252,7,6,'2016-10-13',1),(1253,8,6,'2016-10-13',1),(1254,9,6,'2016-10-13',1),(1255,10,6,'2016-10-13',1),(1256,11,6,'2016-10-13',1),(1257,12,6,'2016-10-13',1),(1258,13,6,'2016-10-13',1),(1259,14,6,'2016-10-13',1),(1260,15,6,'2016-10-13',1),(1261,16,6,'2016-10-13',1),(1262,17,6,'2016-10-13',1),(1263,18,6,'2016-10-13',1),(1264,19,6,'2016-10-13',1),(1265,20,6,'2016-10-13',1),(1266,21,6,'2016-10-13',1),(1267,22,6,'2016-10-13',1),(1268,23,6,'2016-10-13',1),(1269,24,6,'2016-10-13',1),(1270,25,6,'2016-10-13',1),(1271,26,6,'2016-10-13',1),(1272,27,6,'2016-10-13',1),(1273,28,6,'2016-10-13',1),(1274,29,6,'2016-10-13',1),(1275,30,6,'2016-10-13',1),(1276,31,6,'2016-10-13',1),(1277,32,6,'2016-10-13',1),(1278,33,6,'2016-10-13',1),(1279,34,6,'2016-10-13',1),(1280,35,6,'2016-10-13',1),(1281,36,6,'2016-10-13',1),(1282,37,6,'2016-10-13',1),(1283,38,6,'2016-10-13',1),(1284,39,6,'2016-10-13',1),(1285,40,6,'2016-10-13',1),(1286,41,6,'2016-10-13',0),(1287,42,6,'2016-10-13',0),(1288,43,6,'2016-10-13',0),(1289,44,6,'2016-10-13',0),(1290,45,6,'2016-10-13',0),(1291,46,6,'2016-10-13',0),(1292,47,6,'2016-10-13',0),(1293,48,6,'2016-10-13',0),(1294,49,6,'2016-10-13',0),(1295,50,6,'2016-10-13',0),(1296,51,6,'2016-10-13',0),(1297,52,6,'2016-10-13',0),(1298,53,6,'2016-10-13',0),(1299,54,6,'2016-10-13',1),(1300,55,6,'2016-10-13',1),(1301,56,6,'2016-10-13',1),(1302,57,6,'2016-10-13',1),(1303,58,6,'2016-10-13',1),(1304,59,6,'2016-10-13',1),(1305,60,6,'2016-10-13',1),(1306,61,6,'2016-10-13',1),(1307,62,6,'2016-10-13',1),(1308,63,6,'2016-10-13',1),(1309,64,6,'2016-10-13',1),(1310,65,6,'2016-10-13',1),(1311,66,6,'2016-10-13',1),(1312,67,6,'2016-10-13',1),(1313,68,6,'2016-10-13',1),(1314,69,6,'2016-10-13',1),(1315,70,6,'2016-10-13',1),(1316,71,6,'2016-10-13',1),(1317,72,6,'2016-10-13',1),(1318,73,6,'2016-10-13',1),(1319,74,6,'2016-10-13',1),(1320,75,6,'2016-10-13',1),(1321,76,6,'2016-10-13',1),(1322,77,6,'2016-10-13',1),(1323,78,6,'2016-10-13',1),(1324,79,6,'2016-10-13',1),(1325,80,6,'2016-10-13',1),(1326,81,6,'2016-10-13',1),(1327,82,6,'2016-10-13',1),(1328,83,6,'2016-10-13',1),(1329,1,1,'2016-10-13',1),(1330,2,1,'2016-10-13',0),(1331,3,1,'2016-10-13',1),(1332,4,1,'2016-10-13',1),(1333,5,1,'2016-10-13',0),(1334,6,1,'2016-10-13',1),(1335,7,1,'2016-10-13',0),(1336,8,1,'2016-10-13',1),(1337,9,1,'2016-10-13',1),(1338,10,1,'2016-10-13',1),(1339,11,1,'2016-10-13',1),(1340,12,1,'2016-10-13',1),(1341,13,1,'2016-10-13',1),(1342,14,1,'2016-10-13',1),(1343,15,1,'2016-10-13',1),(1344,16,1,'2016-10-13',1),(1345,17,1,'2016-10-13',1),(1346,18,1,'2016-10-13',1),(1347,19,1,'2016-10-13',1),(1348,20,1,'2016-10-13',1),(1349,21,1,'2016-10-13',1),(1350,22,1,'2016-10-13',1),(1351,23,1,'2016-10-13',1),(1352,24,1,'2016-10-13',1),(1353,25,1,'2016-10-13',1),(1354,26,1,'2016-10-13',1),(1355,27,1,'2016-10-13',1),(1356,28,1,'2016-10-13',1),(1357,29,1,'2016-10-13',1),(1358,30,1,'2016-10-13',1),(1359,31,1,'2016-10-13',1),(1360,32,1,'2016-10-13',1),(1361,33,1,'2016-10-13',1),(1362,34,1,'2016-10-13',1),(1363,35,1,'2016-10-13',1),(1364,36,1,'2016-10-13',1),(1365,37,1,'2016-10-13',0),(1366,38,1,'2016-10-13',0),(1367,39,1,'2016-10-13',1),(1368,40,1,'2016-10-13',1),(1369,41,1,'2016-10-13',1),(1370,42,1,'2016-10-13',1),(1371,43,1,'2016-10-13',1),(1372,44,1,'2016-10-13',1),(1373,45,1,'2016-10-13',1),(1374,46,1,'2016-10-13',1),(1375,47,1,'2016-10-13',1),(1376,48,1,'2016-10-13',1),(1377,49,1,'2016-10-13',1),(1378,50,1,'2016-10-13',1),(1379,51,1,'2016-10-13',1),(1380,52,1,'2016-10-13',1),(1381,53,1,'2016-10-13',1),(1382,54,1,'2016-10-13',1),(1383,55,1,'2016-10-13',1),(1384,56,1,'2016-10-13',1),(1385,57,1,'2016-10-13',1),(1386,58,1,'2016-10-13',1),(1387,59,1,'2016-10-13',1),(1388,60,1,'2016-10-13',1),(1389,61,1,'2016-10-13',1),(1390,62,1,'2016-10-13',1),(1391,63,1,'2016-10-13',1),(1392,64,1,'2016-10-13',1),(1393,65,1,'2016-10-13',1),(1394,66,1,'2016-10-13',1),(1395,67,1,'2016-10-13',1),(1396,68,1,'2016-10-13',1),(1397,69,1,'2016-10-13',1),(1398,70,1,'2016-10-13',1),(1399,71,1,'2016-10-13',1),(1400,72,1,'2016-10-13',1),(1401,73,1,'2016-10-13',1),(1402,74,1,'2016-10-13',1),(1403,75,1,'2016-10-13',1),(1404,76,1,'2016-10-13',1),(1405,77,1,'2016-10-13',1),(1406,78,1,'2016-10-13',1),(1407,79,1,'2016-10-13',1),(1408,80,1,'2016-10-13',1),(1409,81,1,'2016-10-13',1),(1410,82,1,'2016-10-13',1),(1411,83,1,'2016-10-13',1);
/*!40000 ALTER TABLE `acad_attendance` ENABLE KEYS */;
UNLOCK TABLES;

--
-- Table structure for table `acad_batch`
--

DROP TABLE IF EXISTS `acad_batch`;
/*!40101 SET @saved_cs_client     = @@character_set_client */;
/*!40101 SET character_set_client = utf8 */;
CREATE TABLE `acad_batch` (
  `id` int(11) NOT NULL AUTO_INCREMENT,
  `start_year` int(11) NOT NULL,
  `year` int(11) NOT NULL,
  `sem` int(11) NOT NULL,
  `group` varchar(10) NOT NULL,
  PRIMARY KEY (`id`)
) ENGINE=InnoDB AUTO_INCREMENT=3 DEFAULT CHARSET=utf8;
/*!40101 SET character_set_client = @saved_cs_client */;

--
-- Dumping data for table `acad_batch`
--

LOCK TABLES `acad_batch` WRITE;
/*!40000 ALTER TABLE `acad_batch` DISABLE KEYS */;
INSERT INTO `acad_batch` VALUES (1,2013,3,6,'3CE34'),(2,2014,2,4,'2CE12');
/*!40000 ALTER TABLE `acad_batch` ENABLE KEYS */;
UNLOCK TABLES;

--
-- Table structure for table `acad_covernews`
--

DROP TABLE IF EXISTS `acad_covernews`;
/*!40101 SET @saved_cs_client     = @@character_set_client */;
/*!40101 SET character_set_client = utf8 */;
CREATE TABLE `acad_covernews` (
  `id` int(11) NOT NULL AUTO_INCREMENT,
  `title` varchar(50) NOT NULL,
  `body` varchar(500) NOT NULL,
  PRIMARY KEY (`id`)
) ENGINE=InnoDB DEFAULT CHARSET=utf8;
/*!40101 SET character_set_client = @saved_cs_client */;

--
-- Dumping data for table `acad_covernews`
--

LOCK TABLES `acad_covernews` WRITE;
/*!40000 ALTER TABLE `acad_covernews` DISABLE KEYS */;
/*!40000 ALTER TABLE `acad_covernews` ENABLE KEYS */;
UNLOCK TABLES;

--
-- Table structure for table `acad_hodrel`
--

DROP TABLE IF EXISTS `acad_hodrel`;
/*!40101 SET @saved_cs_client     = @@character_set_client */;
/*!40101 SET character_set_client = utf8 */;
CREATE TABLE `acad_hodrel` (
  `id` int(11) NOT NULL AUTO_INCREMENT,
  `hod_id` int(11) NOT NULL,
  `user_id` int(11) NOT NULL,
  PRIMARY KEY (`id`),
  UNIQUE KEY `hod_id` (`hod_id`),
  UNIQUE KEY `user_id` (`user_id`),
  CONSTRAINT `acad_hodrel_hod_id_41e781f5_fk_acad_teacher_id` FOREIGN KEY (`hod_id`) REFERENCES `acad_teacher` (`id`),
  CONSTRAINT `acad_hodrel_user_id_8997a752_fk_auth_user_id` FOREIGN KEY (`user_id`) REFERENCES `auth_user` (`id`)
) ENGINE=InnoDB AUTO_INCREMENT=2 DEFAULT CHARSET=utf8;
/*!40101 SET character_set_client = @saved_cs_client */;

--
-- Dumping data for table `acad_hodrel`
--

LOCK TABLES `acad_hodrel` WRITE;
/*!40000 ALTER TABLE `acad_hodrel` DISABLE KEYS */;
INSERT INTO `acad_hodrel` VALUES (1,2,5);
/*!40000 ALTER TABLE `acad_hodrel` ENABLE KEYS */;
UNLOCK TABLES;

--
-- Table structure for table `acad_marks`
--

DROP TABLE IF EXISTS `acad_marks`;
/*!40101 SET @saved_cs_client     = @@character_set_client */;
/*!40101 SET character_set_client = utf8 */;
CREATE TABLE `acad_marks` (
  `id` int(11) NOT NULL AUTO_INCREMENT,
  `student_id` int(11) DEFAULT NULL,
  `subject_id` int(11) NOT NULL,
  `assessment` int(11) NOT NULL,
  `att` int(11) NOT NULL,
  `mst1` int(11) NOT NULL,
  `mst2` int(11) NOT NULL,
  `sports` int(11) NOT NULL,
  `flag` tinyint(1) NOT NULL,
  PRIMARY KEY (`id`),
  KEY `acad_marks_ffaba1d1` (`subject_id`),
  KEY `acad_marks_student_id_ab135e18_fk_acad_student_id` (`student_id`),
  CONSTRAINT `acad_marks_student_id_ab135e18_fk_acad_student_id` FOREIGN KEY (`student_id`) REFERENCES `acad_student` (`id`),
  CONSTRAINT `acad_marks_subject_id_dd98b34b_fk_acad_subject_id` FOREIGN KEY (`subject_id`) REFERENCES `acad_subject` (`id`)
) ENGINE=InnoDB AUTO_INCREMENT=416 DEFAULT CHARSET=utf8;
/*!40101 SET character_set_client = @saved_cs_client */;

--
-- Dumping data for table `acad_marks`
--

LOCK TABLES `acad_marks` WRITE;
/*!40000 ALTER TABLE `acad_marks` DISABLE KEYS */;
INSERT INTO `acad_marks` VALUES (1,1,1,10,10,10,10,0,1),(2,2,1,0,0,0,0,0,1),(3,3,1,0,0,0,0,0,1),(4,4,1,0,0,0,0,0,1),(5,5,1,0,0,0,0,0,1),(6,6,1,10,5,10,15,0,1),(7,7,1,0,0,0,0,0,1),(8,8,1,0,0,0,0,0,1),(9,9,1,0,0,0,0,0,1),(10,10,1,0,0,0,0,0,1),(11,11,1,0,0,0,0,0,1),(12,12,1,0,0,0,0,0,1),(13,13,1,0,0,0,0,0,1),(14,14,1,0,0,0,0,0,1),(15,15,1,0,0,0,0,0,1),(16,16,1,0,0,0,0,0,1),(17,17,1,0,0,0,0,0,1),(18,18,1,0,0,0,0,0,1),(19,19,1,0,0,0,0,0,1),(20,20,1,0,0,0,0,0,1),(21,21,1,0,0,0,0,0,1),(22,22,1,0,0,0,0,0,1),(23,23,1,0,0,0,0,0,1),(24,24,1,0,0,0,0,0,1),(25,25,1,0,0,0,0,0,1),(26,26,1,0,0,0,0,0,1),(27,27,1,0,0,0,0,0,1),(28,28,1,0,0,0,0,0,1),(29,29,1,0,0,0,0,0,1),(30,30,1,0,0,0,0,0,1),(31,31,1,0,0,0,0,0,1),(32,32,1,0,0,0,0,0,1),(33,33,1,0,0,0,0,0,1),(34,34,1,0,0,0,0,0,1),(35,35,1,0,0,0,0,0,1),(36,36,1,0,0,0,0,0,1),(37,37,1,0,0,0,0,0,1),(38,38,1,0,0,0,0,0,1),(39,39,1,0,0,0,0,0,1),(40,40,1,0,0,0,0,0,1),(41,41,1,0,0,0,0,0,1),(42,42,1,0,0,0,0,0,1),(43,43,1,0,0,0,0,0,1),(44,44,1,0,0,0,0,0,1),(45,45,1,0,0,0,0,0,1),(46,46,1,0,0,0,0,0,1),(47,47,1,0,0,0,0,0,1),(48,48,1,0,0,0,0,0,1),(49,49,1,0,0,0,0,0,1),(50,50,1,0,0,0,0,0,1),(51,51,1,0,0,0,0,0,1),(52,52,1,0,0,0,0,0,1),(53,53,1,0,0,0,0,0,1),(54,54,1,0,0,0,0,0,1),(55,55,1,0,0,0,0,0,1),(56,56,1,0,0,0,0,0,1),(57,57,1,0,0,0,0,0,1),(58,58,1,0,0,0,0,0,1),(59,59,1,0,0,0,0,0,1),(60,60,1,10,10,15,10,0,1),(61,61,1,0,0,15,15,0,1),(62,62,1,0,0,0,0,0,1),(63,63,1,0,0,0,0,0,1),(64,64,1,0,0,0,0,0,1),(65,65,1,0,0,0,0,0,1),(66,66,1,0,0,0,0,0,1),(67,67,1,0,0,0,0,0,1),(68,68,1,0,0,0,0,0,1),(69,69,1,0,0,0,0,0,1),(70,70,1,0,0,0,0,0,1),(71,71,1,0,0,0,0,0,1),(72,72,1,0,0,0,0,0,1),(73,73,1,0,0,0,0,0,1),(74,74,1,0,0,0,0,0,1),(75,75,1,0,0,0,0,0,1),(76,76,1,0,0,0,0,0,1),(77,77,1,0,0,0,0,0,1),(78,78,1,0,0,0,0,0,1),(79,79,1,0,0,0,0,0,1),(80,80,1,0,0,0,0,0,1),(81,81,1,0,0,0,0,0,1),(82,82,1,0,0,0,0,0,1),(83,83,1,0,0,0,0,0,1),(84,1,4,0,0,0,0,0,0),(85,2,4,0,0,0,0,0,0),(86,3,4,0,0,0,0,0,0),(87,4,4,0,0,0,0,0,0),(88,5,4,0,0,0,0,0,0),(89,6,4,0,0,0,0,0,0),(90,7,4,0,0,0,0,0,0),(91,8,4,0,0,0,0,0,0),(92,9,4,0,0,0,0,0,0),(93,10,4,0,0,0,0,0,0),(94,11,4,0,0,0,0,0,0),(95,12,4,0,0,0,0,0,0),(96,13,4,0,0,0,0,0,0),(97,14,4,0,0,0,0,0,0),(98,15,4,0,0,0,0,0,0),(99,16,4,0,0,0,0,0,0),(100,17,4,0,0,0,0,0,0),(101,18,4,0,0,0,0,0,0),(102,19,4,0,0,0,0,0,0),(103,20,4,0,0,0,0,0,0),(104,21,4,0,0,0,0,0,0),(105,22,4,0,0,0,0,0,0),(106,23,4,0,0,0,0,0,0),(107,24,4,0,0,0,0,0,0),(108,25,4,0,0,0,0,0,0),(109,26,4,0,0,0,0,0,0),(110,27,4,0,0,0,0,0,0),(111,28,4,0,0,0,0,0,0),(112,29,4,0,0,0,0,0,0),(113,30,4,0,0,0,0,0,0),(114,31,4,0,0,0,0,0,0),(115,32,4,0,0,0,0,0,0),(116,33,4,0,0,0,0,0,0),(117,34,4,0,0,0,0,0,0),(118,35,4,0,0,0,0,0,0),(119,36,4,0,0,0,0,0,0),(120,37,4,0,0,0,0,0,0),(121,38,4,0,0,0,0,0,0),(122,39,4,0,0,0,0,0,0),(123,40,4,0,0,0,0,0,0),(124,41,4,0,0,0,0,0,0),(125,42,4,0,0,0,0,0,0),(126,43,4,0,0,0,0,0,0),(127,44,4,0,0,0,0,0,0),(128,45,4,0,0,0,0,0,0),(129,46,4,0,0,0,0,0,0),(130,47,4,0,0,0,0,0,0),(131,48,4,0,0,0,0,0,0),(132,49,4,0,0,0,0,0,0),(133,50,4,0,0,0,0,0,0),(134,51,4,0,0,0,0,0,0),(135,52,4,0,0,0,0,0,0),(136,53,4,0,0,0,0,0,0),(137,54,4,0,0,0,0,0,0),(138,55,4,0,0,0,0,0,0),(139,56,4,0,0,0,0,0,0),(140,57,4,0,0,0,0,0,0),(141,58,4,0,0,0,0,0,0),(142,59,4,0,0,0,0,0,0),(143,60,4,0,0,0,0,0,0),(144,61,4,0,8,15,5,0,0),(145,62,4,0,0,0,0,0,0),(146,63,4,0,0,0,0,0,0),(147,64,4,0,0,0,0,0,0),(148,65,4,0,0,0,0,0,0),(149,66,4,0,0,0,0,0,0),(150,67,4,0,0,0,0,0,0),(151,68,4,0,0,0,0,0,0),(152,69,4,0,0,0,0,0,0),(153,70,4,0,0,0,0,0,0),(154,71,4,0,0,0,0,0,0),(155,72,4,0,0,0,0,0,0),(156,73,4,0,0,0,0,0,0),(157,74,4,0,0,0,0,0,0),(158,75,4,0,0,0,0,0,0),(159,76,4,0,0,0,0,0,0),(160,77,4,0,0,0,0,0,0),(161,78,4,0,0,0,0,0,0),(162,79,4,0,0,0,0,0,0),(163,80,4,0,0,0,0,0,0),(164,81,4,0,0,0,0,0,0),(165,82,4,0,0,0,0,0,0),(166,83,4,0,0,0,0,0,0),(167,1,3,0,0,0,0,0,0),(168,2,3,0,0,0,0,0,0),(169,3,3,0,0,0,0,0,0),(170,4,3,0,0,0,0,0,0),(171,5,3,0,0,0,0,0,0),(172,6,3,0,0,0,0,0,0),(173,7,3,0,0,0,0,0,0),(174,8,3,0,0,0,0,0,0),(175,9,3,0,0,0,0,0,0),(176,10,3,0,0,0,0,0,0),(177,11,3,0,0,0,0,0,0),(178,12,3,0,0,0,0,0,0),(179,13,3,0,0,0,0,0,0),(180,14,3,0,0,0,0,0,0),(181,15,3,0,0,0,0,0,0),(182,16,3,0,0,0,0,0,0),(183,17,3,0,0,0,0,0,0),(184,18,3,0,0,0,0,0,0),(185,19,3,0,0,0,0,0,0),(186,20,3,0,0,0,0,0,0),(187,21,3,0,0,0,0,0,0),(188,22,3,0,0,0,0,0,0),(189,23,3,0,0,0,0,0,0),(190,24,3,0,0,0,0,0,0),(191,25,3,0,0,0,0,0,0),(192,26,3,0,0,0,0,0,0),(193,27,3,0,0,0,0,0,0),(194,28,3,0,0,0,0,0,0),(195,29,3,0,0,0,0,0,0),(196,30,3,0,0,0,0,0,0),(197,31,3,0,0,0,0,0,0),(198,32,3,0,0,0,0,0,0),(199,33,3,0,0,0,0,0,0),(200,34,3,0,0,0,0,0,0),(201,35,3,0,0,0,0,0,0),(202,36,3,0,0,0,0,0,0),(203,37,3,0,0,0,0,0,0),(204,38,3,0,0,0,0,0,0),(205,39,3,0,0,0,0,0,0),(206,40,3,0,0,0,0,0,0),(207,41,3,0,0,0,0,0,0),(208,42,3,0,0,0,0,0,0),(209,43,3,0,0,0,0,0,0),(210,44,3,0,0,0,0,0,0),(211,45,3,0,0,0,0,0,0),(212,46,3,0,0,0,0,0,0),(213,47,3,0,0,0,0,0,0),(214,48,3,0,0,0,0,0,0),(215,49,3,0,0,0,0,0,0),(216,50,3,0,0,0,0,0,0),(217,51,3,0,0,0,0,0,0),(218,52,3,0,0,0,0,0,0),(219,53,3,0,0,0,0,0,0),(220,54,3,0,0,0,0,0,0),(221,55,3,0,0,0,0,0,0),(222,56,3,0,0,0,0,0,0),(223,57,3,0,0,0,0,0,0),(224,58,3,0,0,0,0,0,0),(225,59,3,0,0,0,0,0,0),(226,60,3,0,0,0,0,0,0),(227,61,3,0,10,12,12,0,0),(228,62,3,0,0,0,0,0,0),(229,63,3,0,0,0,0,0,0),(230,64,3,0,0,0,0,0,0),(231,65,3,0,0,0,0,0,0),(232,66,3,0,0,0,0,0,0),(233,67,3,0,0,0,0,0,0),(234,68,3,0,0,0,0,0,0),(235,69,3,0,0,0,0,0,0),(236,70,3,0,0,0,0,0,0),(237,71,3,0,0,0,0,0,0),(238,72,3,0,0,0,0,0,0),(239,73,3,0,0,0,0,0,0),(240,74,3,0,0,0,0,0,0),(241,75,3,0,0,0,0,0,0),(242,76,3,0,0,0,0,0,0),(243,77,3,0,0,0,0,0,0),(244,78,3,0,0,0,0,0,0),(245,79,3,0,0,0,0,0,0),(246,80,3,0,0,0,0,0,0),(247,81,3,0,0,0,0,0,0),(248,82,3,0,0,0,0,0,0),(249,83,3,0,0,0,0,0,0),(250,1,5,0,0,0,0,0,0),(251,2,5,0,0,0,0,0,0),(252,3,5,0,0,0,0,0,0),(253,4,5,0,0,0,0,0,0),(254,5,5,0,0,0,0,0,0),(255,6,5,0,0,0,0,0,0),(256,7,5,0,0,0,0,0,0),(257,8,5,0,0,12,0,0,0),(258,9,5,0,0,0,0,0,0),(259,10,5,0,0,0,0,0,0),(260,11,5,0,0,0,0,0,0),(261,12,5,0,0,0,0,0,0),(262,13,5,0,0,0,0,0,0),(263,14,5,0,0,0,0,0,0),(264,15,5,0,0,0,0,0,0),(265,16,5,0,0,0,0,0,0),(266,17,5,0,0,0,0,0,0),(267,18,5,0,0,0,0,0,0),(268,19,5,0,0,0,0,0,0),(269,20,5,0,0,0,0,0,0),(270,21,5,0,0,0,0,0,0),(271,22,5,0,0,0,0,0,0),(272,23,5,0,0,0,0,0,0),(273,24,5,0,0,0,0,0,0),(274,25,5,0,0,0,0,0,0),(275,26,5,0,0,0,0,0,0),(276,27,5,0,0,0,0,0,0),(277,28,5,0,0,0,0,0,0),(278,29,5,0,0,0,0,0,0),(279,30,5,0,0,0,0,0,0),(280,31,5,0,0,0,0,0,0),(281,32,5,0,0,0,0,0,0),(282,33,5,0,0,0,0,0,0),(283,34,5,0,0,0,0,0,0),(284,35,5,0,0,0,0,0,0),(285,36,5,0,0,0,0,0,0),(286,37,5,0,0,0,0,0,0),(287,38,5,0,0,0,0,0,0),(288,39,5,0,0,0,0,0,0),(289,40,5,0,0,0,0,0,0),(290,41,5,0,0,0,0,0,0),(291,42,5,0,0,0,0,0,0),(292,43,5,0,0,0,0,0,0),(293,44,5,0,0,0,0,0,0),(294,45,5,0,0,0,0,0,0),(295,46,5,0,0,0,0,0,0),(296,47,5,0,0,0,0,0,0),(297,48,5,0,0,0,0,0,0),(298,49,5,0,0,0,0,0,0),(299,50,5,0,0,0,0,0,0),(300,51,5,0,0,0,0,0,0),(301,52,5,0,0,0,0,0,0),(302,53,5,0,0,0,0,0,0),(303,54,5,0,0,0,0,0,0),(304,55,5,0,0,0,0,0,0),(305,56,5,0,0,0,0,0,0),(306,57,5,0,0,0,0,0,0),(307,58,5,0,0,0,0,0,0),(308,59,5,0,0,0,0,0,0),(309,60,5,0,0,0,0,0,0),(310,61,5,0,0,0,0,0,0),(311,62,5,0,0,0,0,0,0),(312,63,5,0,0,0,0,0,0),(313,64,5,0,0,0,0,0,0),(314,65,5,0,0,0,0,0,0),(315,66,5,0,0,0,0,0,0),(316,67,5,0,0,0,0,0,0),(317,68,5,0,0,0,0,0,0),(318,69,5,0,0,0,0,0,0),(319,70,5,0,0,0,0,0,0),(320,71,5,0,0,0,0,0,0),(321,72,5,0,0,0,0,0,0),(322,73,5,0,0,0,0,0,0),(323,74,5,0,0,0,0,0,0),(324,75,5,0,0,0,0,0,0),(325,76,5,0,0,0,0,0,0),(326,77,5,0,0,0,0,0,0),(327,78,5,0,0,0,0,0,0),(328,79,5,0,0,0,0,0,0),(329,80,5,0,0,0,0,0,0),(330,81,5,0,0,0,0,0,0),(331,82,5,0,0,0,0,0,0),(332,83,5,0,0,0,0,0,0),(333,1,6,0,0,0,0,0,0),(334,2,6,0,0,0,0,0,0),(335,3,6,0,0,0,0,0,0),(336,4,6,0,0,0,0,0,0),(337,5,6,0,0,0,0,0,0),(338,6,6,0,0,0,0,0,0),(339,7,6,0,0,0,0,0,0),(340,8,6,0,0,0,0,0,0),(341,9,6,0,0,1,0,0,0),(342,10,6,0,0,0,0,0,0),(343,11,6,0,0,0,0,0,0),(344,12,6,0,0,0,0,0,0),(345,13,6,0,0,0,0,0,0),(346,14,6,0,0,0,0,0,0),(347,15,6,0,0,0,0,0,0),(348,16,6,0,0,0,0,0,0),(349,17,6,0,0,0,0,0,0),(350,18,6,0,0,0,0,0,0),(351,19,6,0,0,0,0,0,0),(352,20,6,0,0,0,0,0,0),(353,21,6,0,0,0,0,0,0),(354,22,6,0,0,0,0,0,0),(355,23,6,0,0,0,0,0,0),(356,24,6,0,0,0,0,0,0),(357,25,6,0,0,0,0,0,0),(358,26,6,0,0,0,0,0,0),(359,27,6,0,0,0,0,0,0),(360,28,6,0,0,0,0,0,0),(361,29,6,0,0,0,0,0,0),(362,30,6,0,0,0,0,0,0),(363,31,6,0,0,0,0,0,0),(364,32,6,0,0,0,0,0,0),(365,33,6,0,0,0,0,0,0),(366,34,6,0,0,0,0,0,0),(367,35,6,0,0,0,0,0,0),(368,36,6,0,0,0,0,0,0),(369,37,6,0,0,0,0,0,0),(370,38,6,0,0,0,0,0,0),(371,39,6,0,0,0,0,0,0),(372,40,6,0,0,0,0,0,0),(373,41,6,0,0,0,0,0,0),(374,42,6,0,0,0,0,0,0),(375,43,6,0,0,0,0,0,0),(376,44,6,0,0,0,0,0,0),(377,45,6,0,0,0,0,0,0),(378,46,6,0,0,0,0,0,0),(379,47,6,0,0,0,0,0,0),(380,48,6,0,0,0,0,0,0),(381,49,6,0,0,0,0,0,0),(382,50,6,0,0,0,0,0,0),(383,51,6,0,0,0,0,0,0),(384,52,6,0,0,0,0,0,0),(385,53,6,0,0,0,0,0,0),(386,54,6,0,0,0,0,0,0),(387,55,6,0,0,0,0,0,0),(388,56,6,0,0,0,0,0,0),(389,57,6,0,0,0,0,0,0),(390,58,6,0,0,0,0,0,0),(391,59,6,0,0,0,0,0,0),(392,60,6,0,0,0,0,0,0),(393,61,6,0,0,50,0,0,0),(394,62,6,0,0,0,0,0,0),(395,63,6,0,0,0,0,0,0),(396,64,6,0,0,0,0,0,0),(397,65,6,0,0,0,0,0,0),(398,66,6,0,0,0,0,0,0),(399,67,6,0,0,0,0,0,0),(400,68,6,0,0,0,0,0,0),(401,69,6,0,0,0,0,0,0),(402,70,6,0,0,0,0,0,0),(403,71,6,0,0,0,0,0,0),(404,72,6,0,0,0,0,0,0),(405,73,6,0,0,0,0,0,0),(406,74,6,0,0,0,0,0,0),(407,75,6,0,0,0,0,0,0),(408,76,6,0,0,0,0,0,0),(409,77,6,0,0,0,0,0,0),(410,78,6,0,0,0,0,0,0),(411,79,6,0,0,0,0,0,0),(412,80,6,0,0,0,0,0,0),(413,81,6,0,0,0,0,0,0),(414,82,6,0,0,0,0,0,0),(415,83,6,0,0,0,0,0,0);
/*!40000 ALTER TABLE `acad_marks` ENABLE KEYS */;
UNLOCK TABLES;

--
-- Table structure for table `acad_pubs`
--

DROP TABLE IF EXISTS `acad_pubs`;
/*!40101 SET @saved_cs_client     = @@character_set_client */;
/*!40101 SET character_set_client = utf8 */;
CREATE TABLE `acad_pubs` (
  `id` int(11) NOT NULL AUTO_INCREMENT,
  `title` varchar(50) NOT NULL,
  `j_c` varchar(15) NOT NULL,
  `j_c_name` varchar(50) NOT NULL,
  `issn_isbn` varchar(15) NOT NULL,
  `n_in` varchar(15) NOT NULL,
  `authors` varchar(100) NOT NULL,
  `teacher_id` int(11) NOT NULL,
  PRIMARY KEY (`id`),
  KEY `acad_pubs_teacher_id_e5d8bda2_fk_acad_teacher_id` (`teacher_id`),
  CONSTRAINT `acad_pubs_teacher_id_e5d8bda2_fk_acad_teacher_id` FOREIGN KEY (`teacher_id`) REFERENCES `acad_teacher` (`id`)
) ENGINE=InnoDB AUTO_INCREMENT=2 DEFAULT CHARSET=latin1;
/*!40101 SET character_set_client = @saved_cs_client */;

--
-- Dumping data for table `acad_pubs`
--

LOCK TABLES `acad_pubs` WRITE;
/*!40000 ALTER TABLE `acad_pubs` DISABLE KEYS */;
INSERT INTO `acad_pubs` VALUES (1,'Image Processing','Journal','Computer Graphics Journal','ISSN-1234/CG','International','Er. Gurjit Singh Bhathal',1);
/*!40000 ALTER TABLE `acad_pubs` ENABLE KEYS */;
UNLOCK TABLES;

--
-- Table structure for table `acad_rguide`
--

DROP TABLE IF EXISTS `acad_rguide`;
/*!40101 SET @saved_cs_client     = @@character_set_client */;
/*!40101 SET character_set_client = utf8 */;
CREATE TABLE `acad_rguide` (
  `id` int(11) NOT NULL AUTO_INCREMENT,
  `title` varchar(50) NOT NULL,
  `enroll` date NOT NULL,
  `degreeStudent` varchar(50) NOT NULL,
  `sub_date` date NOT NULL,
  `teacher_id` int(11) NOT NULL,
  PRIMARY KEY (`id`),
  KEY `acad_rguide_teacher_id_07a91a6f_fk_acad_teacher_id` (`teacher_id`),
  CONSTRAINT `acad_rguide_teacher_id_07a91a6f_fk_acad_teacher_id` FOREIGN KEY (`teacher_id`) REFERENCES `acad_teacher` (`id`)
) ENGINE=InnoDB AUTO_INCREMENT=9 DEFAULT CHARSET=latin1;
/*!40101 SET character_set_client = @saved_cs_client */;

--
-- Dumping data for table `acad_rguide`
--

LOCK TABLES `acad_rguide` WRITE;
/*!40000 ALTER TABLE `acad_rguide` DISABLE KEYS */;
INSERT INTO `acad_rguide` VALUES (1,'Distributed Database Systems','2016-08-20','B.Tech(CSE)','2016-10-20',1);
/*!40000 ALTER TABLE `acad_rguide` ENABLE KEYS */;
UNLOCK TABLES;

--
-- Table structure for table `acad_student`
--

DROP TABLE IF EXISTS `acad_student`;
/*!40101 SET @saved_cs_client     = @@character_set_client */;
/*!40101 SET character_set_client = utf8 */;
CREATE TABLE `acad_student` (
  `id` int(11) NOT NULL AUTO_INCREMENT,
  `name` varchar(50) NOT NULL,
  `batch_id` int(11) NOT NULL,
  `gender` varchar(1) NOT NULL,
  `roll_no` int(11) NOT NULL,
  PRIMARY KEY (`id`),
  KEY `acad_student_batch_id_7e6b43fe_fk_acad_batch_id` (`batch_id`),
  CONSTRAINT `acad_student_batch_id_7e6b43fe_fk_acad_batch_id` FOREIGN KEY (`batch_id`) REFERENCES `acad_batch` (`id`)
) ENGINE=InnoDB AUTO_INCREMENT=84 DEFAULT CHARSET=utf8;
/*!40101 SET character_set_client = @saved_cs_client */;

--
-- Dumping data for table `acad_student`
--

LOCK TABLES `acad_student` WRITE;
/*!40000 ALTER TABLE `acad_student` DISABLE KEYS */;
INSERT INTO `acad_student` VALUES (1,'Ruchika Devi',1,'F',11301087),(2,'Ruhani Thakur',1,'F',11301088),(3,'Sahil Bansal',1,'M',11301089),(4,'Sanchit Goyal',1,'M',11301090),(5,'Shalini Rana',1,'F',11301091),(6,'Shivam Sharma',1,'M',11301092),(7,'Simran Kaur',1,'F',11301093),(8,'Udhayvir Singh',1,'M',11301094),(9,'Vivek',1,'M',11301095),(10,'Aaina',1,'F',11301096),(11,'Aayush Mehta',1,'M',11301097),(12,'Abhishek Arora',1,'M',11301098),(13,'Aditi Goyal',1,'F',11301099),(14,'Akash Garg',1,'M',11301100),(15,'Anmol Rattan Singh',1,'M',11301101),(16,'Anurag',1,'M',11301102),(17,'Arshdeep Singh Sidhu',1,'M',11301103),(18,'Arshpreet Singh Thind',1,'M',11301104),(19,'Chandan Kumar',1,'M',11301105),(20,'Chirag Walia',1,'M',11301106),(21,'Davinder Singh',1,'M',11301107),(22,'Manish Kumar',1,'M',11301108),(23,'Manpreet Kaur',1,'F',11301109),(24,'Mehakdeep Singh',1,'M',11301110),(25,'Navjit Kaur',1,'F',11301111),(26,'Navneet Kaur Chahal',1,'F',11301112),(27,'Nitin Gupta',1,'M',11301113),(28,'Prerna Verma',1,'F',11301114),(29,'Prince Bansal',1,'M',11301115),(30,'Ravneet Kaur',1,'F',11301116),(31,'Sachin Saini',1,'M',11301117),(32,'Sahil Rawat',1,'M',11301118),(33,'Sarabpreet Singh',1,'M',11301119),(34,'Satnam Singh',1,'M',11301120),(35,'Simranjit Singh',1,'M',11301121),(36,'Sneh Kanwar Singh Sidhu',1,'M',11301122),(37,'Supreet Singh Sandhu',1,'M',11301123),(38,'Tanu',1,'M',11301124),(39,'Taranveer Singh',1,'M',11301125),(40,'Vineet Kapil',1,'M',11301126),(41,'Yuvraj Tuteja',1,'M',11301127),(42,'Aditya Bhardwaj',1,'M',11301128),(43,'Akanksha',1,'F',11301129),(44,'Ankush Goyal',1,'M',11301130),(45,'Ankush Rana',1,'M',11301131),(46,'Deepanshu Goyal',1,'M',11301133),(47,'Dikshita',1,'F',11301134),(48,'Dilsher Singh',1,'M',11301135),(49,'Dinesh Sharma',1,'M',11301136),(50,'Gurpreet Singh Kainth',1,'M',11301137),(51,'Itika Sharma',1,'F',11301138),(52,'Japneet Kaur',1,'F',11301139),(53,'Jasleen Kaur',1,'F',11301140),(54,'Jassimran Singh',1,'M',11301141),(55,'Jatin',1,'M',11301142),(56,'Karamjit Kaur',1,'F',11301143),(57,'Komal Rani',1,'F',11301144),(58,'Kriti Pirta',1,'F',11301145),(59,'Maninderjit Singh',1,'M',11301146),(60,'Mohit Jindal',1,'M',11301147),(61,'Mukul Shaunik',1,'M',11301148),(62,'Navjot Singh',1,'M',11301149),(63,'Nisha',1,'F',11301150),(64,'Paramveer Singh Ranwa',1,'M',11301151),(65,'Pranav Gupta',1,'M',11301152),(66,'Ravneet Kaur',1,'F',11301155),(67,'Sakshi',1,'F',11301156),(68,'Sarthak Dargan',1,'M',11301157),(69,'Vani Kansal',1,'F',11301158),(70,'Vijay Kumar Ram',1,'M',11301159),(71,'Vinamer Goel',1,'M',11301160),(72,'Bhavika Arora',1,'F',11301161),(73,'Bhavya Jindal',1,'F',11301162),(74,'Bindu Garg',1,'F',11301163),(75,'Chanpreet Singh Sehgal',1,'M',11301164),(76,'Damandeep Singh',1,'M',11301165),(77,'Devdeep Singh Nannan',1,'M',11301166),(78,'Diksha Pusha',1,'F',11301167),(79,'Dikshit Garg',1,'M',11301168),(80,'Gunwinder Singh',1,'M',11301169),(81,'Harinder Singh',1,'M',11301170),(82,'Kamna Dhingra',1,'F',11301171),(83,'Karan Garg',1,'M',11301172);
/*!40000 ALTER TABLE `acad_student` ENABLE KEYS */;
UNLOCK TABLES;

--
-- Table structure for table `acad_studentevents`
--

DROP TABLE IF EXISTS `acad_studentevents`;
/*!40101 SET @saved_cs_client     = @@character_set_client */;
/*!40101 SET character_set_client = utf8 */;
CREATE TABLE `acad_studentevents` (
  `id` int(11) NOT NULL AUTO_INCREMENT,
  `title` varchar(50) NOT NULL,
  `body` varchar(500) NOT NULL,
  `imp` tinyint(1) NOT NULL,
  PRIMARY KEY (`id`)
) ENGINE=InnoDB DEFAULT CHARSET=utf8;
/*!40101 SET character_set_client = @saved_cs_client */;

--
-- Dumping data for table `acad_studentevents`
--

LOCK TABLES `acad_studentevents` WRITE;
/*!40000 ALTER TABLE `acad_studentevents` DISABLE KEYS */;
/*!40000 ALTER TABLE `acad_studentevents` ENABLE KEYS */;
UNLOCK TABLES;

--
-- Table structure for table `acad_studentrel`
--

DROP TABLE IF EXISTS `acad_studentrel`;
/*!40101 SET @saved_cs_client     = @@character_set_client */;
/*!40101 SET character_set_client = utf8 */;
CREATE TABLE `acad_studentrel` (
  `id` int(11) NOT NULL AUTO_INCREMENT,
  `student_id` int(11) NOT NULL,
  `user_id` int(11) NOT NULL,
  PRIMARY KEY (`id`),
  UNIQUE KEY `student_id` (`student_id`),
  UNIQUE KEY `user_id` (`user_id`),
  CONSTRAINT `acad_studentrel_student_id_c5867e97_fk_acad_student_id` FOREIGN KEY (`student_id`) REFERENCES `acad_student` (`id`),
  CONSTRAINT `acad_studentrel_user_id_bef401c0_fk_auth_user_id` FOREIGN KEY (`user_id`) REFERENCES `auth_user` (`id`)
) ENGINE=InnoDB AUTO_INCREMENT=6 DEFAULT CHARSET=utf8;
/*!40101 SET character_set_client = @saved_cs_client */;

--
-- Dumping data for table `acad_studentrel`
--

LOCK TABLES `acad_studentrel` WRITE;
/*!40000 ALTER TABLE `acad_studentrel` DISABLE KEYS */;
INSERT INTO `acad_studentrel` VALUES (3,55,10),(4,61,11),(5,60,12);
/*!40000 ALTER TABLE `acad_studentrel` ENABLE KEYS */;
UNLOCK TABLES;

--
-- Table structure for table `acad_subject`
--

DROP TABLE IF EXISTS `acad_subject`;
/*!40101 SET @saved_cs_client     = @@character_set_client */;
/*!40101 SET character_set_client = utf8 */;
CREATE TABLE `acad_subject` (
  `id` int(11) NOT NULL AUTO_INCREMENT,
  `subject` varchar(50) NOT NULL,
  `batch_id` int(11) NOT NULL,
  `teacher_id` int(11) NOT NULL,
  PRIMARY KEY (`id`),
  KEY `acad_subject_batch_id_2a86e247_fk_acad_batch_id` (`batch_id`),
  KEY `acad_subject_teacher_id_1c32faf9_fk_acad_teacher_id` (`teacher_id`),
  CONSTRAINT `acad_subject_batch_id_2a86e247_fk_acad_batch_id` FOREIGN KEY (`batch_id`) REFERENCES `acad_batch` (`id`),
  CONSTRAINT `acad_subject_teacher_id_1c32faf9_fk_acad_teacher_id` FOREIGN KEY (`teacher_id`) REFERENCES `acad_teacher` (`id`)
) ENGINE=InnoDB AUTO_INCREMENT=7 DEFAULT CHARSET=utf8;
/*!40101 SET character_set_client = @saved_cs_client */;

--
-- Dumping data for table `acad_subject`
--

LOCK TABLES `acad_subject` WRITE;
/*!40000 ALTER TABLE `acad_subject` DISABLE KEYS */;
INSERT INTO `acad_subject` VALUES (1,'RDBMS',1,1),(3,'Compiler Design',1,3),(4,'Network Security',1,4),(5,'Dot Net Programming',1,5),(6,'Computer Graphics',1,6);
/*!40000 ALTER TABLE `acad_subject` ENABLE KEYS */;
UNLOCK TABLES;

--
-- Table structure for table `acad_teacher`
--

DROP TABLE IF EXISTS `acad_teacher`;
/*!40101 SET @saved_cs_client     = @@character_set_client */;
/*!40101 SET character_set_client = utf8 */;
CREATE TABLE `acad_teacher` (
  `id` int(11) NOT NULL AUTO_INCREMENT,
  `name` varchar(50) NOT NULL,
  `batch_id` int(11) NOT NULL,
  `gender` varchar(1) NOT NULL,
  `smb_passwd` varchar(6) DEFAULT NULL,
  PRIMARY KEY (`id`),
  KEY `acad_teacher_batch_id_2ca16b18_fk_acad_batch_id` (`batch_id`),
  CONSTRAINT `acad_teacher_batch_id_2ca16b18_fk_acad_batch_id` FOREIGN KEY (`batch_id`) REFERENCES `acad_batch` (`id`)
) ENGINE=InnoDB AUTO_INCREMENT=7 DEFAULT CHARSET=utf8;
/*!40101 SET character_set_client = @saved_cs_client */;

--
-- Dumping data for table `acad_teacher`
--

LOCK TABLES `acad_teacher` WRITE;
/*!40000 ALTER TABLE `acad_teacher` DISABLE KEYS */;
INSERT INTO `acad_teacher` VALUES (1,'Gurjit Singh Bhathal',1,'M','653054'),(2,'Lakhwinder Kaur',1,'F','0'),(3,'Bramhaleen Kaur Sidhu',1,'F','257744'),(4,'Navroz Kaur',1,'F','0'),(5,'Supreet Kaur',1,'F','0'),(6,'Priyanka Jarial',1,'F','0');
/*!40000 ALTER TABLE `acad_teacher` ENABLE KEYS */;
UNLOCK TABLES;

--
-- Table structure for table `acad_teacherevents`
--

DROP TABLE IF EXISTS `acad_teacherevents`;
/*!40101 SET @saved_cs_client     = @@character_set_client */;
/*!40101 SET character_set_client = utf8 */;
CREATE TABLE `acad_teacherevents` (
  `id` int(11) NOT NULL AUTO_INCREMENT,
  `title` varchar(50) NOT NULL,
  `body` varchar(500) NOT NULL,
  `imp` tinyint(1) NOT NULL,
  PRIMARY KEY (`id`)
) ENGINE=InnoDB AUTO_INCREMENT=2 DEFAULT CHARSET=utf8;
/*!40101 SET character_set_client = @saved_cs_client */;

--
-- Dumping data for table `acad_teacherevents`
--

LOCK TABLES `acad_teacherevents` WRITE;
/*!40000 ALTER TABLE `acad_teacherevents` DISABLE KEYS */;
INSERT INTO `acad_teacherevents` VALUES (1,'Hello','Hello sir',1);
/*!40000 ALTER TABLE `acad_teacherevents` ENABLE KEYS */;
UNLOCK TABLES;

--
-- Table structure for table `acad_teachernews`
--

DROP TABLE IF EXISTS `acad_teachernews`;
/*!40101 SET @saved_cs_client     = @@character_set_client */;
/*!40101 SET character_set_client = utf8 */;
CREATE TABLE `acad_teachernews` (
  `id` int(11) NOT NULL AUTO_INCREMENT,
  `title` varchar(50) NOT NULL,
  `body` varchar(500) NOT NULL,
  `imp` tinyint(1) NOT NULL,
  PRIMARY KEY (`id`)
) ENGINE=InnoDB DEFAULT CHARSET=utf8;
/*!40101 SET character_set_client = @saved_cs_client */;

--
-- Dumping data for table `acad_teachernews`
--

LOCK TABLES `acad_teachernews` WRITE;
/*!40000 ALTER TABLE `acad_teachernews` DISABLE KEYS */;
/*!40000 ALTER TABLE `acad_teachernews` ENABLE KEYS */;
UNLOCK TABLES;

--
-- Table structure for table `acad_teacherrel`
--

DROP TABLE IF EXISTS `acad_teacherrel`;
/*!40101 SET @saved_cs_client     = @@character_set_client */;
/*!40101 SET character_set_client = utf8 */;
CREATE TABLE `acad_teacherrel` (
  `id` int(11) NOT NULL AUTO_INCREMENT,
  `teacher_id` int(11) NOT NULL,
  `user_id` int(11) NOT NULL,
  PRIMARY KEY (`id`),
  UNIQUE KEY `teacher_id` (`teacher_id`),
  UNIQUE KEY `user_id` (`user_id`),
  CONSTRAINT `acad_teacherrel_teacher_id_64027c51_fk_acad_teacher_id` FOREIGN KEY (`teacher_id`) REFERENCES `acad_teacher` (`id`),
  CONSTRAINT `acad_teacherrel_user_id_bf151f97_fk_auth_user_id` FOREIGN KEY (`user_id`) REFERENCES `auth_user` (`id`)
) ENGINE=InnoDB AUTO_INCREMENT=6 DEFAULT CHARSET=utf8;
/*!40101 SET character_set_client = @saved_cs_client */;

--
-- Dumping data for table `acad_teacherrel`
--

LOCK TABLES `acad_teacherrel` WRITE;
/*!40000 ALTER TABLE `acad_teacherrel` DISABLE KEYS */;
INSERT INTO `acad_teacherrel` VALUES (1,1,2),(2,3,6),(3,4,7),(4,5,8),(5,6,9);
/*!40000 ALTER TABLE `acad_teacherrel` ENABLE KEYS */;
UNLOCK TABLES;

--
-- Table structure for table `auth_group`
--

DROP TABLE IF EXISTS `auth_group`;
/*!40101 SET @saved_cs_client     = @@character_set_client */;
/*!40101 SET character_set_client = utf8 */;
CREATE TABLE `auth_group` (
  `id` int(11) NOT NULL AUTO_INCREMENT,
  `name` varchar(80) NOT NULL,
  PRIMARY KEY (`id`),
  UNIQUE KEY `name` (`name`)
) ENGINE=InnoDB DEFAULT CHARSET=utf8;
/*!40101 SET character_set_client = @saved_cs_client */;

--
-- Dumping data for table `auth_group`
--

LOCK TABLES `auth_group` WRITE;
/*!40000 ALTER TABLE `auth_group` DISABLE KEYS */;
/*!40000 ALTER TABLE `auth_group` ENABLE KEYS */;
UNLOCK TABLES;

--
-- Table structure for table `auth_group_permissions`
--

DROP TABLE IF EXISTS `auth_group_permissions`;
/*!40101 SET @saved_cs_client     = @@character_set_client */;
/*!40101 SET character_set_client = utf8 */;
CREATE TABLE `auth_group_permissions` (
  `id` int(11) NOT NULL AUTO_INCREMENT,
  `group_id` int(11) NOT NULL,
  `permission_id` int(11) NOT NULL,
  PRIMARY KEY (`id`),
  UNIQUE KEY `auth_group_permissions_group_id_0cd325b0_uniq` (`group_id`,`permission_id`),
  KEY `auth_group_permissi_permission_id_84c5c92e_fk_auth_permission_id` (`permission_id`),
  CONSTRAINT `auth_group_permissions_group_id_b120cbf9_fk_auth_group_id` FOREIGN KEY (`group_id`) REFERENCES `auth_group` (`id`),
  CONSTRAINT `auth_group_permissi_permission_id_84c5c92e_fk_auth_permission_id` FOREIGN KEY (`permission_id`) REFERENCES `auth_permission` (`id`)
) ENGINE=InnoDB DEFAULT CHARSET=utf8;
/*!40101 SET character_set_client = @saved_cs_client */;

--
-- Dumping data for table `auth_group_permissions`
--

LOCK TABLES `auth_group_permissions` WRITE;
/*!40000 ALTER TABLE `auth_group_permissions` DISABLE KEYS */;
/*!40000 ALTER TABLE `auth_group_permissions` ENABLE KEYS */;
UNLOCK TABLES;

--
-- Table structure for table `auth_permission`
--

DROP TABLE IF EXISTS `auth_permission`;
/*!40101 SET @saved_cs_client     = @@character_set_client */;
/*!40101 SET character_set_client = utf8 */;
CREATE TABLE `auth_permission` (
  `id` int(11) NOT NULL AUTO_INCREMENT,
  `name` varchar(255) NOT NULL,
  `content_type_id` int(11) NOT NULL,
  `codename` varchar(100) NOT NULL,
  PRIMARY KEY (`id`),
  UNIQUE KEY `auth_permission_content_type_id_01ab375a_uniq` (`content_type_id`,`codename`),
  CONSTRAINT `auth_permissi_content_type_id_2f476e4b_fk_django_content_type_id` FOREIGN KEY (`content_type_id`) REFERENCES `django_content_type` (`id`)
) ENGINE=InnoDB AUTO_INCREMENT=70 DEFAULT CHARSET=utf8;
/*!40101 SET character_set_client = @saved_cs_client */;

--
-- Dumping data for table `auth_permission`
--

LOCK TABLES `auth_permission` WRITE;
/*!40000 ALTER TABLE `auth_permission` DISABLE KEYS */;
INSERT INTO `auth_permission` VALUES (1,'Can add log entry',1,'add_logentry'),(2,'Can change log entry',1,'change_logentry'),(3,'Can delete log entry',1,'delete_logentry'),(4,'Can add permission',2,'add_permission'),(5,'Can change permission',2,'change_permission'),(6,'Can delete permission',2,'delete_permission'),(7,'Can add group',3,'add_group'),(8,'Can change group',3,'change_group'),(9,'Can delete group',3,'delete_group'),(10,'Can add user',4,'add_user'),(11,'Can change user',4,'change_user'),(12,'Can delete user',4,'delete_user'),(13,'Can add content type',5,'add_contenttype'),(14,'Can change content type',5,'change_contenttype'),(15,'Can delete content type',5,'delete_contenttype'),(16,'Can add session',6,'add_session'),(17,'Can change session',6,'change_session'),(18,'Can delete session',6,'delete_session'),(19,'Can add batch',7,'add_batch'),(20,'Can change batch',7,'change_batch'),(21,'Can delete batch',7,'delete_batch'),(22,'Can add teacher',8,'add_teacher'),(23,'Can change teacher',8,'change_teacher'),(24,'Can delete teacher',8,'delete_teacher'),(25,'Can add teacher rel',9,'add_teacherrel'),(26,'Can change teacher rel',9,'change_teacherrel'),(27,'Can delete teacher rel',9,'delete_teacherrel'),(28,'Can add hod rel',10,'add_hodrel'),(29,'Can change hod rel',10,'change_hodrel'),(30,'Can delete hod rel',10,'delete_hodrel'),(31,'Can add student',11,'add_student'),(32,'Can change student',11,'change_student'),(33,'Can delete student',11,'delete_student'),(34,'Can add student rel',12,'add_studentrel'),(35,'Can change student rel',12,'change_studentrel'),(36,'Can delete student rel',12,'delete_studentrel'),(37,'Can add subject',13,'add_subject'),(38,'Can change subject',13,'change_subject'),(39,'Can delete subject',13,'delete_subject'),(40,'Can add marks',14,'add_marks'),(41,'Can change marks',14,'change_marks'),(42,'Can delete marks',14,'delete_marks'),(43,'Can add attendance',15,'add_attendance'),(44,'Can change attendance',15,'change_attendance'),(45,'Can delete attendance',15,'delete_attendance'),(46,'Can add cover news',16,'add_covernews'),(47,'Can change cover news',16,'change_covernews'),(48,'Can delete cover news',16,'delete_covernews'),(49,'Can add teacher news',17,'add_teachernews'),(50,'Can change teacher news',17,'change_teachernews'),(51,'Can delete teacher news',17,'delete_teachernews'),(52,'Can add teacher events',18,'add_teacherevents'),(53,'Can change teacher events',18,'change_teacherevents'),(54,'Can delete teacher events',18,'delete_teacherevents'),(55,'Can add student events',19,'add_studentevents'),(56,'Can change student events',19,'change_studentevents'),(57,'Can delete student events',19,'delete_studentevents'),(64,'Can add pubs',22,'add_pubs'),(65,'Can change pubs',22,'change_pubs'),(66,'Can delete pubs',22,'delete_pubs'),(67,'Can add rguide',23,'add_rguide'),(68,'Can change rguide',23,'change_rguide'),(69,'Can delete rguide',23,'delete_rguide');
/*!40000 ALTER TABLE `auth_permission` ENABLE KEYS */;
UNLOCK TABLES;

--
-- Table structure for table `auth_user`
--

DROP TABLE IF EXISTS `auth_user`;
/*!40101 SET @saved_cs_client     = @@character_set_client */;
/*!40101 SET character_set_client = utf8 */;
CREATE TABLE `auth_user` (
  `id` int(11) NOT NULL AUTO_INCREMENT,
  `password` varchar(128) NOT NULL,
  `last_login` datetime DEFAULT NULL,
  `is_superuser` tinyint(1) NOT NULL,
  `username` varchar(30) NOT NULL,
  `first_name` varchar(30) NOT NULL,
  `last_name` varchar(30) NOT NULL,
  `email` varchar(254) NOT NULL,
  `is_staff` tinyint(1) NOT NULL,
  `is_active` tinyint(1) NOT NULL,
  `date_joined` datetime NOT NULL,
  PRIMARY KEY (`id`),
  UNIQUE KEY `username` (`username`)
) ENGINE=InnoDB AUTO_INCREMENT=13 DEFAULT CHARSET=utf8;
/*!40101 SET character_set_client = @saved_cs_client */;

--
-- Dumping data for table `auth_user`
--

LOCK TABLES `auth_user` WRITE;
/*!40000 ALTER TABLE `auth_user` DISABLE KEYS */;
INSERT INTO `auth_user` VALUES (1,'pbkdf2_sha256$24000$tXk2lPqczty0$tPv/GnDqlvtHLd7+tRYMJRkbeyR5wfsZGVc9LwocNr4=','2016-10-14 08:15:15',1,'root','','','root@root.in',1,1,'2016-03-31 08:39:45'),(2,'pbkdf2_sha256$24000$iTse4sn4SPft$1vosghwhEpW1MeMDaGQJZXsTDklZtQw8vyVa+V7pKvQ=','2016-10-19 09:19:23',0,'gurjit_ucoe','','','',0,1,'2016-03-31 09:42:49'),(3,'pbkdf2_sha256$24000$RuUwHJTqdOAh$jzZYFZRfzLJa4c6qupXPdfi1Tg4+iuFvletSsJrDfbg=','2016-04-06 23:14:58',0,'mj_ucoe','','','',0,1,'2016-03-31 09:44:14'),(4,'pbkdf2_sha256$24000$80erw2yecI1M$BXbMv4AGq4dT7xG9PgVjh+8I2C4TN/RSq6B8P5vR1vE=',NULL,0,'ms_ucoe','','','',0,1,'2016-03-31 09:44:49'),(5,'pbkdf2_sha256$24000$M1uqObIhAK8f$lUDWVBdWIgd4qR4vg2RmoQre6KFaCr+NPuYTV3Txf4A=','2016-10-17 07:04:25',0,'hod_ce','','','',0,1,'2016-04-05 07:51:12'),(6,'pbkdf2_sha256$24000$sBb3BOOlOwKP$Ie8gRt+ERNMxNpVV7lsty6g9CSuFONFNCT201A91gzQ=','2016-10-13 14:00:13',0,'bramhaleen_ucoe','','','',0,1,'2016-05-30 05:37:06'),(7,'pbkdf2_sha256$24000$svjrSoXLEW8W$4+gXUoS8YOJD9gRfrFvAFFboSnEVUg6pCQWk28bPYwM=','2016-10-13 13:58:24',0,'navroz_ucoe','','','',0,1,'2016-05-30 05:37:39'),(8,'pbkdf2_sha256$24000$Bad05F3seYjR$RSCoMx34qX2gswiE9gota15McgSiuSg0XF47P91JgR0=','2016-10-14 07:49:39',0,'supreet_ucoe','','','',0,1,'2016-05-30 05:37:58'),(9,'pbkdf2_sha256$24000$e8XUW6j4hkLX$jrWRV8wiOS4cUMmyH4m3wT4KbQ59yzPyiWUoSjHnvbw=','2016-10-14 07:50:06',0,'priyanka_ucoe','','','',0,1,'2016-05-30 05:38:17'),(10,'pbkdf2_sha256$24000$TOQRVBX7JFzb$xp+W+8d53+GNzKpNk5yKS+UGHqD5q8j7Lx3LWoP91e8=','2016-07-27 09:51:36',0,'jatin_ce','','','',0,1,'2016-05-30 05:40:04'),(11,'pbkdf2_sha256$24000$KbIv6d98UYha$nlsI6O8ZSMRE5yQkPlyiB0ouHbNFxW4sK4DaWJVD/FY=','2016-10-19 05:00:29',0,'mukul_ce','','','',0,1,'2016-05-30 05:40:39'),(12,'pbkdf2_sha256$24000$BMW1bI6PKCQS$phNmW2CDiu3AhvmZeg2V5a0gcU0W5IQOQOoWaCQiyNU=',NULL,0,'mohit_ucoe','','','',0,1,'2016-05-30 05:41:11');
/*!40000 ALTER TABLE `auth_user` ENABLE KEYS */;
UNLOCK TABLES;

--
-- Table structure for table `auth_user_groups`
--

DROP TABLE IF EXISTS `auth_user_groups`;
/*!40101 SET @saved_cs_client     = @@character_set_client */;
/*!40101 SET character_set_client = utf8 */;
CREATE TABLE `auth_user_groups` (
  `id` int(11) NOT NULL AUTO_INCREMENT,
  `user_id` int(11) NOT NULL,
  `group_id` int(11) NOT NULL,
  PRIMARY KEY (`id`),
  UNIQUE KEY `auth_user_groups_user_id_94350c0c_uniq` (`user_id`,`group_id`),
  KEY `auth_user_groups_group_id_97559544_fk_auth_group_id` (`group_id`),
  CONSTRAINT `auth_user_groups_group_id_97559544_fk_auth_group_id` FOREIGN KEY (`group_id`) REFERENCES `auth_group` (`id`),
  CONSTRAINT `auth_user_groups_user_id_6a12ed8b_fk_auth_user_id` FOREIGN KEY (`user_id`) REFERENCES `auth_user` (`id`)
) ENGINE=InnoDB DEFAULT CHARSET=utf8;
/*!40101 SET character_set_client = @saved_cs_client */;

--
-- Dumping data for table `auth_user_groups`
--

LOCK TABLES `auth_user_groups` WRITE;
/*!40000 ALTER TABLE `auth_user_groups` DISABLE KEYS */;
/*!40000 ALTER TABLE `auth_user_groups` ENABLE KEYS */;
UNLOCK TABLES;

--
-- Table structure for table `auth_user_user_permissions`
--

DROP TABLE IF EXISTS `auth_user_user_permissions`;
/*!40101 SET @saved_cs_client     = @@character_set_client */;
/*!40101 SET character_set_client = utf8 */;
CREATE TABLE `auth_user_user_permissions` (
  `id` int(11) NOT NULL AUTO_INCREMENT,
  `user_id` int(11) NOT NULL,
  `permission_id` int(11) NOT NULL,
  PRIMARY KEY (`id`),
  UNIQUE KEY `auth_user_user_permissions_user_id_14a6b632_uniq` (`user_id`,`permission_id`),
  KEY `auth_user_user_perm_permission_id_1fbb5f2c_fk_auth_permission_id` (`permission_id`),
  CONSTRAINT `auth_user_user_permissions_user_id_a95ead1b_fk_auth_user_id` FOREIGN KEY (`user_id`) REFERENCES `auth_user` (`id`),
  CONSTRAINT `auth_user_user_perm_permission_id_1fbb5f2c_fk_auth_permission_id` FOREIGN KEY (`permission_id`) REFERENCES `auth_permission` (`id`)
) ENGINE=InnoDB DEFAULT CHARSET=utf8;
/*!40101 SET character_set_client = @saved_cs_client */;

--
-- Dumping data for table `auth_user_user_permissions`
--

LOCK TABLES `auth_user_user_permissions` WRITE;
/*!40000 ALTER TABLE `auth_user_user_permissions` DISABLE KEYS */;
/*!40000 ALTER TABLE `auth_user_user_permissions` ENABLE KEYS */;
UNLOCK TABLES;

--
-- Table structure for table `django_admin_log`
--

DROP TABLE IF EXISTS `django_admin_log`;
/*!40101 SET @saved_cs_client     = @@character_set_client */;
/*!40101 SET character_set_client = utf8 */;
CREATE TABLE `django_admin_log` (
  `id` int(11) NOT NULL AUTO_INCREMENT,
  `action_time` datetime NOT NULL,
  `object_id` longtext,
  `object_repr` varchar(200) NOT NULL,
  `action_flag` smallint(5) unsigned NOT NULL,
  `change_message` longtext NOT NULL,
  `content_type_id` int(11) DEFAULT NULL,
  `user_id` int(11) NOT NULL,
  PRIMARY KEY (`id`),
  KEY `django_admin__content_type_id_c4bce8eb_fk_django_content_type_id` (`content_type_id`),
  KEY `django_admin_log_user_id_c564eba6_fk_auth_user_id` (`user_id`),
  CONSTRAINT `django_admin_log_user_id_c564eba6_fk_auth_user_id` FOREIGN KEY (`user_id`) REFERENCES `auth_user` (`id`),
  CONSTRAINT `django_admin__content_type_id_c4bce8eb_fk_django_content_type_id` FOREIGN KEY (`content_type_id`) REFERENCES `django_content_type` (`id`)
) ENGINE=InnoDB AUTO_INCREMENT=126 DEFAULT CHARSET=utf8;
/*!40101 SET character_set_client = @saved_cs_client */;

--
-- Dumping data for table `django_admin_log`
--

LOCK TABLES `django_admin_log` WRITE;
/*!40000 ALTER TABLE `django_admin_log` DISABLE KEYS */;
INSERT INTO `django_admin_log` VALUES (1,'2016-03-31 09:12:51','1','3CE34:6:2013',1,'Added.',7,1),(2,'2016-03-31 09:13:55','1','Ruchika Devi',1,'Added.',11,1),(3,'2016-03-31 09:14:32','2','Ruhani Thakur',1,'Added.',11,1),(4,'2016-03-31 09:15:29','3','Sahil Bansal',1,'Added.',11,1),(5,'2016-03-31 09:15:56','4','Sanchit Goyal',1,'Added.',11,1),(6,'2016-03-31 09:16:19','5','Shalini Rana',1,'Added.',11,1),(7,'2016-03-31 09:16:40','6','Shivam Sharma',1,'Added.',11,1),(8,'2016-03-31 09:16:59','7','Simran Kaur',1,'Added.',11,1),(9,'2016-03-31 09:17:28','8','Udhayvir Singh',1,'Added.',11,1),(10,'2016-03-31 09:17:51','9','Vivek',1,'Added.',11,1),(11,'2016-03-31 09:18:17','10','Aaina',1,'Added.',11,1),(12,'2016-03-31 09:18:35','11','Aayush Mehta',1,'Added.',11,1),(13,'2016-03-31 09:18:55','12','Abhishek Arora',1,'Added.',11,1),(14,'2016-03-31 09:19:16','13','Aditi Goyal',1,'Added.',11,1),(15,'2016-03-31 09:19:33','14','Akash Garg',1,'Added.',11,1),(16,'2016-03-31 09:20:02','15','Anmol Rattan Singh',1,'Added.',11,1),(17,'2016-03-31 09:20:18','16','Anurag',1,'Added.',11,1),(18,'2016-03-31 09:21:01','17','Arshdeep Singh Sidhu',1,'Added.',11,1),(19,'2016-03-31 09:21:24','18','Arshpreet Singh Thind',1,'Added.',11,1),(20,'2016-03-31 09:21:50','19','Chandan Kumar',1,'Added.',11,1),(21,'2016-03-31 09:22:03','20','Chirag Walia',1,'Added.',11,1),(22,'2016-03-31 09:22:21','21','Davinder Singh',1,'Added.',11,1),(23,'2016-03-31 09:22:34','22','Manish Kumar',1,'Added.',11,1),(24,'2016-03-31 09:22:48','23','Manpreet Kaur',1,'Added.',11,1),(25,'2016-03-31 09:23:07','24','Mehakdeep Singh',1,'Added.',11,1),(26,'2016-03-31 09:23:27','25','Navjit Kaur',1,'Added.',11,1),(27,'2016-03-31 09:23:48','26','Navneet Kaur Chahal',1,'Added.',11,1),(28,'2016-03-31 09:24:27','27','Nitin Gupta',1,'Added.',11,1),(29,'2016-03-31 09:25:07','28','Prerna Verma',1,'Added.',11,1),(30,'2016-03-31 09:25:19','29','Prince Bansal',1,'Added.',11,1),(31,'2016-03-31 09:25:34','30','Ravneet Kaur',1,'Added.',11,1),(32,'2016-03-31 09:25:51','31','Sachin Saini',1,'Added.',11,1),(33,'2016-03-31 09:26:14','32','Sahil Rawat',1,'Added.',11,1),(34,'2016-03-31 09:26:31','33','Sarabpreet Singh',1,'Added.',11,1),(35,'2016-03-31 09:26:46','34','Satnam Singh',1,'Added.',11,1),(36,'2016-03-31 09:27:01','35','Simranjit Singh',1,'Added.',11,1),(37,'2016-03-31 09:27:17','36','Sneh Kanwar Singh Sidhu',1,'Added.',11,1),(38,'2016-03-31 09:27:30','37','Supreet Singh Sandhu',1,'Added.',11,1),(39,'2016-03-31 09:28:15','38','Tanu',1,'Added.',11,1),(40,'2016-03-31 09:28:29','39','Taranveer Singh',1,'Added.',11,1),(41,'2016-03-31 09:28:43','40','Vineet Kapil',1,'Added.',11,1),(42,'2016-03-31 09:28:57','41','Yuvraj Tuteja',1,'Added.',11,1),(43,'2016-03-31 09:29:15','42','Aditya Bhardwaj',1,'Added.',11,1),(44,'2016-03-31 09:29:28','43','Akanksha',1,'Added.',11,1),(45,'2016-03-31 09:29:46','44','Ankush Goyal',1,'Added.',11,1),(46,'2016-03-31 09:30:04','45','Ankush Rana',1,'Added.',11,1),(47,'2016-03-31 09:30:21','46','Deepanshu Goyal',1,'Added.',11,1),(48,'2016-03-31 09:30:39','47','Dikshita',1,'Added.',11,1),(49,'2016-03-31 09:30:55','48','Dilsher Singh',1,'Added.',11,1),(50,'2016-03-31 09:31:12','49','Dinesh Sharma',1,'Added.',11,1),(51,'2016-03-31 09:31:31','50','Gurpreet Singh Kainth',1,'Added.',11,1),(52,'2016-03-31 09:31:44','51','Itika Sharma',1,'Added.',11,1),(53,'2016-03-31 09:32:19','52','Japneet Kaur',1,'Added.',11,1),(54,'2016-03-31 09:32:37','53','Jasleen Kaur',1,'Added.',11,1),(55,'2016-03-31 09:32:52','54','Jassimran Singh',1,'Added.',11,1),(56,'2016-03-31 09:33:11','55','Jatin',1,'Added.',11,1),(57,'2016-03-31 09:33:24','56','Karamjit Kaur',1,'Added.',11,1),(58,'2016-03-31 09:33:34','57','Komal Rani',1,'Added.',11,1),(59,'2016-03-31 09:33:49','58','Kriti Pirta',1,'Added.',11,1),(60,'2016-03-31 09:34:04','59','Maninderjit Singh',1,'Added.',11,1),(61,'2016-03-31 09:34:27','60','Mohit Jindal',1,'Added.',11,1),(62,'2016-03-31 09:34:49','61','Mukul Shaunik',1,'Added.',11,1),(63,'2016-03-31 09:35:20','62','Navjot Singh',1,'Added.',11,1),(64,'2016-03-31 09:35:38','63','Nisha',1,'Added.',11,1),(65,'2016-03-31 09:35:53','64','Paramveer Singh Ranwa',1,'Added.',11,1),(66,'2016-03-31 09:36:07','65','Pranav Gupta',1,'Added.',11,1),(67,'2016-03-31 09:36:31','66','Ravneet Kaur',1,'Added.',11,1),(68,'2016-03-31 09:36:49','67','Sakshi',1,'Added.',11,1),(69,'2016-03-31 09:37:04','68','Sarthak Dargan',1,'Added.',11,1),(70,'2016-03-31 09:37:17','69','Vani Kansal',1,'Added.',11,1),(71,'2016-03-31 09:37:32','70','Vijay Kumar Ram',1,'Added.',11,1),(72,'2016-03-31 09:37:47','71','Vinamer Goel',1,'Added.',11,1),(73,'2016-03-31 09:38:06','72','Bhavika Arora',1,'Added.',11,1),(74,'2016-03-31 09:38:28','73','Bhavya Jindal',1,'Added.',11,1),(75,'2016-03-31 09:38:43','74','Bindu Garg',1,'Added.',11,1),(76,'2016-03-31 09:38:57','75','Chanpreet Singh Sehgal',1,'Added.',11,1),(77,'2016-03-31 09:39:16','76','Damandeep Singh',1,'Added.',11,1),(78,'2016-03-31 09:39:29','77','Devdeep Singh Nannan',1,'Added.',11,1),(79,'2016-03-31 09:39:47','78','Diksha Pusha',1,'Added.',11,1),(80,'2016-03-31 09:39:59','79','Dikshit Garg',1,'Added.',11,1),(81,'2016-03-31 09:40:16','80','Gunwinder Singh',1,'Added.',11,1),(82,'2016-03-31 09:40:27','81','Harinder Singh',1,'Added.',11,1),(83,'2016-03-31 09:40:43','82','Kamna Dhingra',1,'Added.',11,1),(84,'2016-03-31 09:40:55','83','Karan Garg',1,'Added.',11,1),(85,'2016-03-31 09:41:59','1','Gurjit Singh Bhathal',1,'Added.',8,1),(86,'2016-03-31 09:42:49','2','gurjit_ucoe',1,'Added.',4,1),(87,'2016-03-31 09:42:56','1','gurjit_ucoe:Gurjit Singh Bhathal',1,'Added.',9,1),(88,'2016-03-31 09:43:43','1','RDBMS:3CE34',1,'Added.',13,1),(89,'2016-03-31 09:44:14','3','mj_ucoe',1,'Added.',4,1),(90,'2016-03-31 09:44:32','1','mj_ucoe:Mohit Jindal',1,'Added.',12,1),(91,'2016-03-31 09:44:49','4','ms_ucoe',1,'Added.',4,1),(92,'2016-03-31 09:44:57','2','ms_ucoe:Mukul Shaunik',1,'Added.',12,1),(93,'2016-04-05 07:50:51','2','Lakhwinder Kaur',1,'Added.',8,1),(94,'2016-04-05 07:51:12','5','hod_ce',1,'Added.',4,1),(95,'2016-04-05 07:51:22','1','hod_ce:Lakhwinder Kaur',1,'Added.',10,1),(96,'2016-04-05 07:51:59','2','CE12:4:2014',1,'Added.',7,1),(97,'2016-04-05 07:52:08','2','2CE12:4:2014',2,'Changed group.',7,1),(98,'2016-04-05 08:00:43','2','sasa:3CE34',1,'Added.',13,1),(99,'2016-04-26 09:19:09','1','Hello',1,'Added.',18,1),(100,'2016-05-30 05:32:44','3','Bramhaleen Kaur Sidhu',1,'Added.',8,1),(101,'2016-05-30 05:33:11','4','Navroz Kaur',1,'Added.',8,1),(102,'2016-05-30 05:33:28','5','Supreet Kaur',1,'Added.',8,1),(103,'2016-05-30 05:33:51','6','Priyanka Jarial',1,'Added.',8,1),(104,'2016-05-30 05:34:47','3','Compiler Design:3CE34',1,'Added.',13,1),(105,'2016-05-30 05:35:06','4','Network Security:3CE34',1,'Added.',13,1),(106,'2016-05-30 05:35:25','5','Dot Net Programming:3CE34',1,'Added.',13,1),(107,'2016-05-30 05:35:39','6','Computer Graphics:3CE34',1,'Added.',13,1),(108,'2016-05-30 05:35:56','2','sasa:3CE34',3,'',13,1),(109,'2016-05-30 05:37:06','6','bramhaleen_ucoe',1,'Added.',4,1),(110,'2016-05-30 05:37:12','2','bramhaleen_ucoe:Bramhaleen Kaur Sidhu',1,'Added.',9,1),(111,'2016-05-30 05:37:39','7','navroz_ucoe',1,'Added.',4,1),(112,'2016-05-30 05:37:41','3','navroz_ucoe:Navroz Kaur',1,'Added.',9,1),(113,'2016-05-30 05:37:58','8','supreet_ucoe',1,'Added.',4,1),(114,'2016-05-30 05:38:00','4','supreet_ucoe:Supreet Kaur',1,'Added.',9,1),(115,'2016-05-30 05:38:17','9','priyanka_ucoe',1,'Added.',4,1),(116,'2016-05-30 05:38:18','5','priyanka_ucoe:Priyanka Jarial',1,'Added.',9,1),(117,'2016-05-30 05:39:17','2','ms_ucoe:Mukul Shaunik',3,'',12,1),(118,'2016-05-30 05:39:17','1','mj_ucoe:Mohit Jindal',3,'',12,1),(119,'2016-05-30 05:40:04','10','jatin_ce',1,'Added.',4,1),(120,'2016-05-30 05:40:06','3','jatin_ce:Jatin',1,'Added.',12,1),(121,'2016-05-30 05:40:39','11','mukul_ce',1,'Added.',4,1),(122,'2016-05-30 05:40:42','4','mukul_ce:Mukul Shaunik',1,'Added.',12,1),(123,'2016-05-30 05:41:12','12','mohit_ucoe',1,'Added.',4,1),(124,'2016-05-30 05:41:37','5','mohit_ucoe:Mohit Jindal',1,'Added.',12,1),(125,'2016-10-14 08:17:34','393','Marks object',2,'Changed mst1.',14,1);
/*!40000 ALTER TABLE `django_admin_log` ENABLE KEYS */;
UNLOCK TABLES;

--
-- Table structure for table `django_content_type`
--

DROP TABLE IF EXISTS `django_content_type`;
/*!40101 SET @saved_cs_client     = @@character_set_client */;
/*!40101 SET character_set_client = utf8 */;
CREATE TABLE `django_content_type` (
  `id` int(11) NOT NULL AUTO_INCREMENT,
  `app_label` varchar(100) NOT NULL,
  `model` varchar(100) NOT NULL,
  PRIMARY KEY (`id`),
  UNIQUE KEY `django_content_type_app_label_76bd3d3b_uniq` (`app_label`,`model`)
) ENGINE=InnoDB AUTO_INCREMENT=24 DEFAULT CHARSET=utf8;
/*!40101 SET character_set_client = @saved_cs_client */;

--
-- Dumping data for table `django_content_type`
--

LOCK TABLES `django_content_type` WRITE;
/*!40000 ALTER TABLE `django_content_type` DISABLE KEYS */;
INSERT INTO `django_content_type` VALUES (15,'acad','attendance'),(7,'acad','batch'),(16,'acad','covernews'),(10,'acad','hodrel'),(14,'acad','marks'),(22,'acad','pubs'),(23,'acad','rguide'),(11,'acad','student'),(19,'acad','studentevents'),(12,'acad','studentrel'),(13,'acad','subject'),(8,'acad','teacher'),(18,'acad','teacherevents'),(17,'acad','teachernews'),(9,'acad','teacherrel'),(1,'admin','logentry'),(3,'auth','group'),(2,'auth','permission'),(4,'auth','user'),(5,'contenttypes','contenttype'),(6,'sessions','session');
/*!40000 ALTER TABLE `django_content_type` ENABLE KEYS */;
UNLOCK TABLES;

--
-- Table structure for table `django_migrations`
--

DROP TABLE IF EXISTS `django_migrations`;
/*!40101 SET @saved_cs_client     = @@character_set_client */;
/*!40101 SET character_set_client = utf8 */;
CREATE TABLE `django_migrations` (
  `id` int(11) NOT NULL AUTO_INCREMENT,
  `app` varchar(255) NOT NULL,
  `name` varchar(255) NOT NULL,
  `applied` datetime NOT NULL,
  PRIMARY KEY (`id`)
) ENGINE=InnoDB AUTO_INCREMENT=36 DEFAULT CHARSET=utf8;
/*!40101 SET character_set_client = @saved_cs_client */;

--
-- Dumping data for table `django_migrations`
--

LOCK TABLES `django_migrations` WRITE;
/*!40000 ALTER TABLE `django_migrations` DISABLE KEYS */;
INSERT INTO `django_migrations` VALUES (1,'contenttypes','0001_initial','2016-03-31 08:37:55'),(2,'auth','0001_initial','2016-03-31 08:37:56'),(3,'acad','0001_initial','2016-03-31 08:37:59'),(4,'acad','0002_auto_20160305_1836','2016-03-31 08:38:00'),(5,'acad','0003_auto_20160306_1548','2016-03-31 08:38:00'),(6,'acad','0004_auto_20160307_1011','2016-03-31 08:38:00'),(7,'acad','0005_auto_20160307_1014','2016-03-31 08:38:02'),(8,'acad','0006_attendance','2016-03-31 08:38:02'),(9,'acad','0007_auto_20160307_1153','2016-03-31 08:38:03'),(10,'acad','0008_student_roll_no','2016-03-31 08:38:03'),(11,'acad','0009_auto_20160308_1349','2016-03-31 08:38:03'),(12,'acad','0010_auto_20160309_2250','2016-03-31 08:38:03'),(13,'acad','0011_auto_20160311_2011','2016-03-31 08:38:04'),(14,'acad','0012_remove_attendance_lec','2016-03-31 08:38:04'),(15,'admin','0001_initial','2016-03-31 08:38:04'),(16,'admin','0002_logentry_remove_auto_add','2016-03-31 08:38:05'),(17,'contenttypes','0002_remove_content_type_name','2016-03-31 08:38:05'),(18,'auth','0002_alter_permission_name_max_length','2016-03-31 08:38:05'),(19,'auth','0003_alter_user_email_max_length','2016-03-31 08:38:05'),(20,'auth','0004_alter_user_username_opts','2016-03-31 08:38:05'),(21,'auth','0005_alter_user_last_login_null','2016-03-31 08:38:05'),(22,'auth','0006_require_contenttypes_0002','2016-03-31 08:38:05'),(23,'auth','0007_alter_validators_add_error_messages','2016-03-31 08:38:06'),(24,'sessions','0001_initial','2016-03-31 08:38:06'),(25,'acad','0013_auto_20160404_1115','2016-04-04 05:45:40'),(26,'acad','0014_marks_flag','2016-04-05 07:49:48'),(27,'acad','0015_auto_20160405_1356','2016-04-05 08:26:32'),(28,'acad','0016_auto_20160405_1508','2016-04-05 09:38:16'),(29,'acad','0017_covernews_studentevents_teacherevents_teachernews','2016-04-06 22:59:34'),(30,'acad','0018_auto_20160407_0433','2016-04-06 23:03:13'),(31,'acad','0019_teacher_smb_passwd','2016-04-26 08:42:31'),(32,'acad','0020_pubs_rguide','2016-10-17 07:02:49'),(33,'acad','0021_auto_20161017_1243','2016-10-17 07:13:49'),(34,'acad','0022_pubs_rguide','2016-10-17 07:14:13'),(35,'acad','0023_auto_20161020_1134','2016-10-20 06:04:33');
/*!40000 ALTER TABLE `django_migrations` ENABLE KEYS */;
UNLOCK TABLES;

--
-- Table structure for table `django_session`
--

DROP TABLE IF EXISTS `django_session`;
/*!40101 SET @saved_cs_client     = @@character_set_client */;
/*!40101 SET character_set_client = utf8 */;
CREATE TABLE `django_session` (
  `session_key` varchar(40) NOT NULL,
  `session_data` longtext NOT NULL,
  `expire_date` datetime NOT NULL,
  PRIMARY KEY (`session_key`),
  KEY `django_session_de54fa62` (`expire_date`)
) ENGINE=InnoDB DEFAULT CHARSET=utf8;
/*!40101 SET character_set_client = @saved_cs_client */;

--
-- Dumping data for table `django_session`
--

LOCK TABLES `django_session` WRITE;
/*!40000 ALTER TABLE `django_session` DISABLE KEYS */;
INSERT INTO `django_session` VALUES ('0i3cnec5e0wpbal7ums1oswpocz1waoa','ODFlNmQ1NDc2NjIwODlhZmZjY2VlYzlkMzZjYWQwMTFiYTkxOGY0Yjp7Il9hdXRoX3VzZXJfaGFzaCI6IjIzOTFiNTY0ODFhYzVkZjc0YzhhNjc2ZjJjYWNlMDQ2NmFhZjYxOTUiLCJfYXV0aF91c2VyX2JhY2tlbmQiOiJkamFuZ28uY29udHJpYi5hdXRoLmJhY2tlbmRzLk1vZGVsQmFja2VuZCIsIl9hdXRoX3VzZXJfaWQiOiIyIn0=','2016-10-17 07:18:45'),('0k475w9hqq3urot7ccglywxryxyrqhet','MGViODZjY2M5NjkyMmVkMGYzNWFkMDJkODQ5ZDUxNzg4NmY3NDcwYTp7Il9hdXRoX3VzZXJfaGFzaCI6IjViNDI0NzM3MjY5MmU4NTkwYzcwNjI3ZjQ1ODFiMjUxNTk4MzkzYTIiLCJfYXV0aF91c2VyX2JhY2tlbmQiOiJkamFuZ28uY29udHJpYi5hdXRoLmJhY2tlbmRzLk1vZGVsQmFja2VuZCIsIl9hdXRoX3VzZXJfaWQiOiIxIn0=','2016-08-10 09:13:15'),('4mjc759yeb92qtc2jirzj9s44az501q5','MGViODZjY2M5NjkyMmVkMGYzNWFkMDJkODQ5ZDUxNzg4NmY3NDcwYTp7Il9hdXRoX3VzZXJfaGFzaCI6IjViNDI0NzM3MjY5MmU4NTkwYzcwNjI3ZjQ1ODFiMjUxNTk4MzkzYTIiLCJfYXV0aF91c2VyX2JhY2tlbmQiOiJkamFuZ28uY29udHJpYi5hdXRoLmJhY2tlbmRzLk1vZGVsQmFja2VuZCIsIl9hdXRoX3VzZXJfaWQiOiIxIn0=','2016-04-14 08:41:01'),('51eym0riysdaqk40xpbrsjtrjwb4mg7m','YWJkYTg0NGIwMWMzYjljOWM3Y2U0YTIyYzI0N2E1NjkzMWEyNjdlMjp7Il9hdXRoX3VzZXJfaGFzaCI6IjdhOGM5ODJmZjFhYzk5NzUwNDVmYzU4NmRkZmQ1MTE0NmZkNzkyYTQiLCJfYXV0aF91c2VyX2JhY2tlbmQiOiJkamFuZ28uY29udHJpYi5hdXRoLmJhY2tlbmRzLk1vZGVsQmFja2VuZCIsIl9hdXRoX3VzZXJfaWQiOiI1In0=','2016-10-17 07:32:55'),('6tj7i0t5735xjz2uwtlfffnw7iq5n80x','YWJkYTg0NGIwMWMzYjljOWM3Y2U0YTIyYzI0N2E1NjkzMWEyNjdlMjp7Il9hdXRoX3VzZXJfaGFzaCI6IjdhOGM5ODJmZjFhYzk5NzUwNDVmYzU4NmRkZmQ1MTE0NmZkNzkyYTQiLCJfYXV0aF91c2VyX2JhY2tlbmQiOiJkamFuZ28uY29udHJpYi5hdXRoLmJhY2tlbmRzLk1vZGVsQmFja2VuZCIsIl9hdXRoX3VzZXJfaWQiOiI1In0=','2016-04-21 09:51:36'),('7ufq2sgojr356nmls63k340t4q30nyry','NjMxMzU3ODA3YWIzN2E5YTQ1ZDY0M2M3YTFiNjUxOWE4ZmJhYjZiMTp7Il9hdXRoX3VzZXJfaGFzaCI6IjRmNDU4ZDM2NDVlZTBlNmQ1Nzk4NzMxZGUwZjdiNjdmYjNlNTk2NjciLCJfYXV0aF91c2VyX2JhY2tlbmQiOiJkamFuZ28uY29udHJpYi5hdXRoLmJhY2tlbmRzLk1vZGVsQmFja2VuZCIsIl9hdXRoX3VzZXJfaWQiOiIxMCJ9','2016-08-10 09:51:36'),('80llwxlol34l7bqjxvgvopuldvpv0n0z','ODFlNmQ1NDc2NjIwODlhZmZjY2VlYzlkMzZjYWQwMTFiYTkxOGY0Yjp7Il9hdXRoX3VzZXJfaGFzaCI6IjIzOTFiNTY0ODFhYzVkZjc0YzhhNjc2ZjJjYWNlMDQ2NmFhZjYxOTUiLCJfYXV0aF91c2VyX2JhY2tlbmQiOiJkamFuZ28uY29udHJpYi5hdXRoLmJhY2tlbmRzLk1vZGVsQmFja2VuZCIsIl9hdXRoX3VzZXJfaWQiOiIyIn0=','2016-08-10 09:13:55'),('b3ckijgmcx22slxahepz1zy12rxvb5f7','MGViODZjY2M5NjkyMmVkMGYzNWFkMDJkODQ5ZDUxNzg4NmY3NDcwYTp7Il9hdXRoX3VzZXJfaGFzaCI6IjViNDI0NzM3MjY5MmU4NTkwYzcwNjI3ZjQ1ODFiMjUxNTk4MzkzYTIiLCJfYXV0aF91c2VyX2JhY2tlbmQiOiJkamFuZ28uY29udHJpYi5hdXRoLmJhY2tlbmRzLk1vZGVsQmFja2VuZCIsIl9hdXRoX3VzZXJfaWQiOiIxIn0=','2016-04-19 06:46:31'),('bstjgtfis9xw9yd969cxclocf5twwk3s','M2NjMzM4ZDUzOTNiNzc5MzU5OWI3NTlmZGE3MmYzNjEzM2YzMDc0ODp7Il9hdXRoX3VzZXJfaGFzaCI6IjAwN2MyNjY1YzBlYmVkZjVmMDQ4MTA4ZDA3NWY0ZTEyNWZmYjVhNmQiLCJfYXV0aF91c2VyX2JhY2tlbmQiOiJkamFuZ28uY29udHJpYi5hdXRoLmJhY2tlbmRzLk1vZGVsQmFja2VuZCIsIl9hdXRoX3VzZXJfaWQiOiIzIn0=','2016-04-14 09:47:29'),('czlk52n1n8dsgyohq87pnq8fd70w3qwl','MGViODZjY2M5NjkyMmVkMGYzNWFkMDJkODQ5ZDUxNzg4NmY3NDcwYTp7Il9hdXRoX3VzZXJfaGFzaCI6IjViNDI0NzM3MjY5MmU4NTkwYzcwNjI3ZjQ1ODFiMjUxNTk4MzkzYTIiLCJfYXV0aF91c2VyX2JhY2tlbmQiOiJkamFuZ28uY29udHJpYi5hdXRoLmJhY2tlbmRzLk1vZGVsQmFja2VuZCIsIl9hdXRoX3VzZXJfaWQiOiIxIn0=','2016-05-10 09:18:31'),('epu2xpyhamc0eo5p1tjbu8kd17dn7ko0','YWJkYTg0NGIwMWMzYjljOWM3Y2U0YTIyYzI0N2E1NjkzMWEyNjdlMjp7Il9hdXRoX3VzZXJfaGFzaCI6IjdhOGM5ODJmZjFhYzk5NzUwNDVmYzU4NmRkZmQ1MTE0NmZkNzkyYTQiLCJfYXV0aF91c2VyX2JhY2tlbmQiOiJkamFuZ28uY29udHJpYi5hdXRoLmJhY2tlbmRzLk1vZGVsQmFja2VuZCIsIl9hdXRoX3VzZXJfaWQiOiI1In0=','2016-10-17 07:43:48'),('hwcdlhtvc5l9ipn04p33yx4iutst6afi','ODFlNmQ1NDc2NjIwODlhZmZjY2VlYzlkMzZjYWQwMTFiYTkxOGY0Yjp7Il9hdXRoX3VzZXJfaGFzaCI6IjIzOTFiNTY0ODFhYzVkZjc0YzhhNjc2ZjJjYWNlMDQ2NmFhZjYxOTUiLCJfYXV0aF91c2VyX2JhY2tlbmQiOiJkamFuZ28uY29udHJpYi5hdXRoLmJhY2tlbmRzLk1vZGVsQmFja2VuZCIsIl9hdXRoX3VzZXJfaWQiOiIyIn0=','2016-11-02 05:03:18'),('jdtzkg0cou1ao9jgmj5egbbgng38nb07','ODFlNmQ1NDc2NjIwODlhZmZjY2VlYzlkMzZjYWQwMTFiYTkxOGY0Yjp7Il9hdXRoX3VzZXJfaGFzaCI6IjIzOTFiNTY0ODFhYzVkZjc0YzhhNjc2ZjJjYWNlMDQ2NmFhZjYxOTUiLCJfYXV0aF91c2VyX2JhY2tlbmQiOiJkamFuZ28uY29udHJpYi5hdXRoLmJhY2tlbmRzLk1vZGVsQmFja2VuZCIsIl9hdXRoX3VzZXJfaWQiOiIyIn0=','2016-05-20 10:23:51'),('kelkhqe8teqxq8fcw6vna0fmq8jmgitf','MjE5MTEyYTk0YzI5NzQ2NjUwNjVmYmUzY2U4NTU3YTA2OTYwODg4ODp7Il9hdXRoX3VzZXJfaGFzaCI6IjE0ZjIwNWQ5MjcyOWUxYThhMTFlMGQ3ZjEwOTE4ODExOTcyYzFhM2IiLCJfYXV0aF91c2VyX2JhY2tlbmQiOiJkamFuZ28uY29udHJpYi5hdXRoLmJhY2tlbmRzLk1vZGVsQmFja2VuZCIsIl9hdXRoX3VzZXJfaWQiOiI2In0=','2016-06-13 05:43:39'),('lef8q4vxg70d5bgoi64d60f20ucsv9az','MTY5MDY0YTU2YTA5YWM4NTRkNjVlM2YyZTUxNWQxNDk4MDkyYjM4Mzp7Il9hdXRoX3VzZXJfaGFzaCI6IjBiZTNmMjlhYjg5MGMxZmNiYmMzN2VjMzMzODRhNzIyNjE5YTFmNzUiLCJfYXV0aF91c2VyX2JhY2tlbmQiOiJkamFuZ28uY29udHJpYi5hdXRoLmJhY2tlbmRzLk1vZGVsQmFja2VuZCIsIl9hdXRoX3VzZXJfaWQiOiIxMSJ9','2016-11-02 05:00:29'),('monup3ol5m73d77sx2ttygk347qcgxlh','ODFlNmQ1NDc2NjIwODlhZmZjY2VlYzlkMzZjYWQwMTFiYTkxOGY0Yjp7Il9hdXRoX3VzZXJfaGFzaCI6IjIzOTFiNTY0ODFhYzVkZjc0YzhhNjc2ZjJjYWNlMDQ2NmFhZjYxOTUiLCJfYXV0aF91c2VyX2JhY2tlbmQiOiJkamFuZ28uY29udHJpYi5hdXRoLmJhY2tlbmRzLk1vZGVsQmFja2VuZCIsIl9hdXRoX3VzZXJfaWQiOiIyIn0=','2016-06-13 05:04:47'),('pk71pk7d1zu69og0w41sf65aj4ri51ax','MTY5MDY0YTU2YTA5YWM4NTRkNjVlM2YyZTUxNWQxNDk4MDkyYjM4Mzp7Il9hdXRoX3VzZXJfaGFzaCI6IjBiZTNmMjlhYjg5MGMxZmNiYmMzN2VjMzMzODRhNzIyNjE5YTFmNzUiLCJfYXV0aF91c2VyX2JhY2tlbmQiOiJkamFuZ28uY29udHJpYi5hdXRoLmJhY2tlbmRzLk1vZGVsQmFja2VuZCIsIl9hdXRoX3VzZXJfaWQiOiIxMSJ9','2016-11-02 04:52:15'),('rh20ez2mrti4s05d2j863mb0z5busigg','ODFlNmQ1NDc2NjIwODlhZmZjY2VlYzlkMzZjYWQwMTFiYTkxOGY0Yjp7Il9hdXRoX3VzZXJfaGFzaCI6IjIzOTFiNTY0ODFhYzVkZjc0YzhhNjc2ZjJjYWNlMDQ2NmFhZjYxOTUiLCJfYXV0aF91c2VyX2JhY2tlbmQiOiJkamFuZ28uY29udHJpYi5hdXRoLmJhY2tlbmRzLk1vZGVsQmFja2VuZCIsIl9hdXRoX3VzZXJfaWQiOiIyIn0=','2016-11-02 09:14:46'),('rvo9dvyfjie0yrl3kdvxfqgj2piwpeqs','ODFlNmQ1NDc2NjIwODlhZmZjY2VlYzlkMzZjYWQwMTFiYTkxOGY0Yjp7Il9hdXRoX3VzZXJfaGFzaCI6IjIzOTFiNTY0ODFhYzVkZjc0YzhhNjc2ZjJjYWNlMDQ2NmFhZjYxOTUiLCJfYXV0aF91c2VyX2JhY2tlbmQiOiJkamFuZ28uY29udHJpYi5hdXRoLmJhY2tlbmRzLk1vZGVsQmFja2VuZCIsIl9hdXRoX3VzZXJfaWQiOiIyIn0=','2016-05-10 09:28:24'),('txqr8jg2rs3uhrtss91hoijv0478ydhg','MGViODZjY2M5NjkyMmVkMGYzNWFkMDJkODQ5ZDUxNzg4NmY3NDcwYTp7Il9hdXRoX3VzZXJfaGFzaCI6IjViNDI0NzM3MjY5MmU4NTkwYzcwNjI3ZjQ1ODFiMjUxNTk4MzkzYTIiLCJfYXV0aF91c2VyX2JhY2tlbmQiOiJkamFuZ28uY29udHJpYi5hdXRoLmJhY2tlbmRzLk1vZGVsQmFja2VuZCIsIl9hdXRoX3VzZXJfaWQiOiIxIn0=','2016-06-13 05:22:45'),('xoufahpigd5l2v6670uj0wqot3wx6wpb','M2NjMzM4ZDUzOTNiNzc5MzU5OWI3NTlmZGE3MmYzNjEzM2YzMDc0ODp7Il9hdXRoX3VzZXJfaGFzaCI6IjAwN2MyNjY1YzBlYmVkZjVmMDQ4MTA4ZDA3NWY0ZTEyNWZmYjVhNmQiLCJfYXV0aF91c2VyX2JhY2tlbmQiOiJkamFuZ28uY29udHJpYi5hdXRoLmJhY2tlbmRzLk1vZGVsQmFja2VuZCIsIl9hdXRoX3VzZXJfaWQiOiIzIn0=','2016-04-20 23:14:58'),('yn1flcjgtwtfhwr11pdsmvd09ombcnnh','ODFlNmQ1NDc2NjIwODlhZmZjY2VlYzlkMzZjYWQwMTFiYTkxOGY0Yjp7Il9hdXRoX3VzZXJfaGFzaCI6IjIzOTFiNTY0ODFhYzVkZjc0YzhhNjc2ZjJjYWNlMDQ2NmFhZjYxOTUiLCJfYXV0aF91c2VyX2JhY2tlbmQiOiJkamFuZ28uY29udHJpYi5hdXRoLmJhY2tlbmRzLk1vZGVsQmFja2VuZCIsIl9hdXRoX3VzZXJfaWQiOiIyIn0=','2016-11-02 09:19:23'),('zeyibgf5vzt9muzwn47c1cz0oyhb3hp3','ODFlNmQ1NDc2NjIwODlhZmZjY2VlYzlkMzZjYWQwMTFiYTkxOGY0Yjp7Il9hdXRoX3VzZXJfaGFzaCI6IjIzOTFiNTY0ODFhYzVkZjc0YzhhNjc2ZjJjYWNlMDQ2NmFhZjYxOTUiLCJfYXV0aF91c2VyX2JhY2tlbmQiOiJkamFuZ28uY29udHJpYi5hdXRoLmJhY2tlbmRzLk1vZGVsQmFja2VuZCIsIl9hdXRoX3VzZXJfaWQiOiIyIn0=','2016-04-19 06:53:36'),('zxn3wgk9alq66ybt3r685s80xciy84z7','MTY5MDY0YTU2YTA5YWM4NTRkNjVlM2YyZTUxNWQxNDk4MDkyYjM4Mzp7Il9hdXRoX3VzZXJfaGFzaCI6IjBiZTNmMjlhYjg5MGMxZmNiYmMzN2VjMzMzODRhNzIyNjE5YTFmNzUiLCJfYXV0aF91c2VyX2JhY2tlbmQiOiJkamFuZ28uY29udHJpYi5hdXRoLmJhY2tlbmRzLk1vZGVsQmFja2VuZCIsIl9hdXRoX3VzZXJfaWQiOiIxMSJ9','2016-10-31 07:11:10');
/*!40000 ALTER TABLE `django_session` ENABLE KEYS */;
UNLOCK TABLES;
/*!40103 SET TIME_ZONE=@OLD_TIME_ZONE */;

/*!40101 SET SQL_MODE=@OLD_SQL_MODE */;
/*!40014 SET FOREIGN_KEY_CHECKS=@OLD_FOREIGN_KEY_CHECKS */;
/*!40014 SET UNIQUE_CHECKS=@OLD_UNIQUE_CHECKS */;
/*!40101 SET CHARACTER_SET_CLIENT=@OLD_CHARACTER_SET_CLIENT */;
/*!40101 SET CHARACTER_SET_RESULTS=@OLD_CHARACTER_SET_RESULTS */;
/*!40101 SET COLLATION_CONNECTION=@OLD_COLLATION_CONNECTION */;
/*!40111 SET SQL_NOTES=@OLD_SQL_NOTES */;

-- Dump completed on 2016-10-20 13:04:51
